31/07/2026 23:06:51 - ERROR - log_erro - Falha ao processar imagem no OCR | Detalhe: PaddleOCR.predict() got an unexpected keyword argument 'cls'
Traceback (most recent call last):
  File "C:\Users\AB-ADVOGADOS\Desktop\Converter .md\PADDLEOCR 2\PDF2MD_V2\ocr\manager.py", line 32, in ler_imagem
    resultados = self.motor.ocr(img_array, cls=False)
                 ^^^^^^^^^^^^^^^^^^^^^^^^^^^^^^^^^^^^
  File "C:\Users\AB-ADVOGADOS\AppData\Local\Programs\Python\Python311\Lib\site-packages\typing_extensions.py", line 3140, in wrapper
    return arg(*args, **kwargs)
           ^^^^^^^^^^^^^^^^^^^^
  File "C:\Users\AB-ADVOGADOS\AppData\Local\Programs\Python\Python311\Lib\site-packages\paddleocr\_pipelines\ocr.py", line 241, in ocr
    return self.predict(img, **kwargs)
           ^^^^^^^^^^^^^^^^^^^^^^^^^^^
TypeError: PaddleOCR.predict() got an unexpected keyword argument 'cls'
31/07/2026 23:07:04 - ERROR - log_erro - Falha ao processar imagem no OCR | Detalhe: PaddleOCR.predict() got an unexpected keyword argument 'cls'
Traceback (most recent call last):
  File "C:\Users\AB-ADVOGADOS\Desktop\Converter .md\PADDLEOCR 2\PDF2MD_V2\ocr\manager.py", line 32, in ler_imagem
    resultados = self.motor.ocr(img_array, cls=False)
                 ^^^^^^^^^^^^^^^^^^^^^^^^^^^^^^^^^^^^
  File "C:\Users\AB-ADVOGADOS\AppData\Local\Programs\Python\Python311\Lib\site-packages\typing_extensions.py", line 3140, in wrapper
    return arg(*args, **kwargs)
           ^^^^^^^^^^^^^^^^^^^^
  File "C:\Users\AB-ADVOGADOS\AppData\Local\Programs\Python\Python311\Lib\site-packages\paddleocr\_pipelines\ocr.py", line 241, in ocr
    return self.predict(img, **kwargs)
           ^^^^^^^^^^^^^^^^^^^^^^^^^^^
TypeError: PaddleOCR.predict() got an unexpected keyword argument 'cls'
31/07/2026 23:07:04 - ERROR - log_erro - Falha ao processar imagem no OCR | Detalhe: PaddleOCR.predict() got an unexpected keyword argument 'cls'
Traceback (most recent call last):
  File "C:\Users\AB-ADVOGADOS\Desktop\Converter .md\PADDLEOCR 2\PDF2MD_V2\ocr\manager.py", line 32, in ler_imagem
    resultados = self.motor.ocr(img_array, cls=False)
                 ^^^^^^^^^^^^^^^^^^^^^^^^^^^^^^^^^^^^
  File "C:\Users\AB-ADVOGADOS\AppData\Local\Programs\Python\Python311\Lib\site-packages\typing_extensions.py", line 3140, in wrapper
    return arg(*args, **kwargs)
           ^^^^^^^^^^^^^^^^^^^^
  File "C:\Users\AB-ADVOGADOS\AppData\Local\Programs\Python\Python311\Lib\site-packages\paddleocr\_pipelines\ocr.py", line 241, in ocr
    return self.predict(img, **kwargs)
           ^^^^^^^^^^^^^^^^^^^^^^^^^^^
TypeError: PaddleOCR.predict() got an unexpected keyword argument 'cls'
31/07/2026 23:07:04 - ERROR - log_erro - Falha ao processar imagem no OCR | Detalhe: PaddleOCR.predict() got an unexpected keyword argument 'cls'
Traceback (most recent call last):
  File "C:\Users\AB-ADVOGADOS\Desktop\Converter .md\PADDLEOCR 2\PDF2MD_V2\ocr\manager.py", line 32, in ler_imagem
    resultados = self.motor.ocr(img_array, cls=False)
                 ^^^^^^^^^^^^^^^^^^^^^^^^^^^^^^^^^^^^
  File "C:\Users\AB-ADVOGADOS\AppData\Local\Programs\Python\Python311\Lib\site-packages\typing_extensions.py", line 3140, in wrapper
    return arg(*args, **kwargs)
           ^^^^^^^^^^^^^^^^^^^^
  File "C:\Users\AB-ADVOGADOS\AppData\Local\Programs\Python\Python311\Lib\site-packages\paddleocr\_pipelines\ocr.py", line 241, in ocr
    return self.predict(img, **kwargs)
           ^^^^^^^^^^^^^^^^^^^^^^^^^^^
TypeError: PaddleOCR.predict() got an unexpected keyword argument 'cls'
31/07/2026 23:07:04 - ERROR - log_erro - Falha ao processar imagem no OCR | Detalhe: PaddleOCR.predict() got an unexpected keyword argument 'cls'
Traceback (most recent call last):
  File "C:\Users\AB-ADVOGADOS\Desktop\Converter .md\PADDLEOCR 2\PDF2MD_V2\ocr\manager.py", line 32, in ler_imagem
    resultados = self.motor.ocr(img_array, cls=False)
                 ^^^^^^^^^^^^^^^^^^^^^^^^^^^^^^^^^^^^
  File "C:\Users\AB-ADVOGADOS\AppData\Local\Programs\Python\Python311\Lib\site-packages\typing_extensions.py", line 3140, in wrapper
    return arg(*args, **kwargs)
           ^^^^^^^^^^^^^^^^^^^^
  File "C:\Users\AB-ADVOGADOS\AppData\Local\Programs\Python\Python311\Lib\site-packages\paddleocr\_pipelines\ocr.py", line 241, in ocr
    return self.predict(img, **kwargs)
           ^^^^^^^^^^^^^^^^^^^^^^^^^^^
TypeError: PaddleOCR.predict() got an unexpected keyword argument 'cls'
31/07/2026 23:07:04 - ERROR - log_erro - Falha ao processar imagem no OCR | Detalhe: PaddleOCR.predict() got an unexpected keyword argument 'cls'
Traceback (most recent call last):
  File "C:\Users\AB-ADVOGADOS\Desktop\Converter .md\PADDLEOCR 2\PDF2MD_V2\ocr\manager.py", line 32, in ler_imagem
    resultados = self.motor.ocr(img_array, cls=False)
                 ^^^^^^^^^^^^^^^^^^^^^^^^^^^^^^^^^^^^
  File "C:\Users\AB-ADVOGADOS\AppData\Local\Programs\Python\Python311\Lib\site-packages\typing_extensions.py", line 3140, in wrapper
    return arg(*args, **kwargs)
           ^^^^^^^^^^^^^^^^^^^^
  File "C:\Users\AB-ADVOGADOS\AppData\Local\Programs\Python\Python311\Lib\site-packages\paddleocr\_pipelines\ocr.py", line 241, in ocr
    return self.predict(img, **kwargs)
           ^^^^^^^^^^^^^^^^^^^^^^^^^^^
TypeError: PaddleOCR.predict() got an unexpected keyword argument 'cls'
31/07/2026 23:07:04 - ERROR - log_erro - Falha ao processar imagem no OCR | Detalhe: PaddleOCR.predict() got an unexpected keyword argument 'cls'
Traceback (most recent call last):
  File "C:\Users\AB-ADVOGADOS\Desktop\Converter .md\PADDLEOCR 2\PDF2MD_V2\ocr\manager.py", line 32, in ler_imagem
    resultados = self.motor.ocr(img_array, cls=False)
                 ^^^^^^^^^^^^^^^^^^^^^^^^^^^^^^^^^^^^
  File "C:\Users\AB-ADVOGADOS\AppData\Local\Programs\Python\Python311\Lib\site-packages\typing_extensions.py", line 3140, in wrapper
    return arg(*args, **kwargs)
           ^^^^^^^^^^^^^^^^^^^^
  File "C:\Users\AB-ADVOGADOS\AppData\Local\Programs\Python\Python311\Lib\site-packages\paddleocr\_pipelines\ocr.py", line 241, in ocr
    return self.predict(img, **kwargs)
           ^^^^^^^^^^^^^^^^^^^^^^^^^^^
TypeError: PaddleOCR.predict() got an unexpected keyword argument 'cls'
31/07/2026 23:07:04 - ERROR - log_erro - Falha ao processar imagem no OCR | Detalhe: PaddleOCR.predict() got an unexpected keyword argument 'cls'
Traceback (most recent call last):
  File "C:\Users\AB-ADVOGADOS\Desktop\Converter .md\PADDLEOCR 2\PDF2MD_V2\ocr\manager.py", line 32, in ler_imagem
    resultados = self.motor.ocr(img_array, cls=False)
                 ^^^^^^^^^^^^^^^^^^^^^^^^^^^^^^^^^^^^
  File "C:\Users\AB-ADVOGADOS\AppData\Local\Programs\Python\Python311\Lib\site-packages\typing_extensions.py", line 3140, in wrapper
    return arg(*args, **kwargs)
           ^^^^^^^^^^^^^^^^^^^^
  File "C:\Users\AB-ADVOGADOS\AppData\Local\Programs\Python\Python311\Lib\site-packages\paddleocr\_pipelines\ocr.py", line 241, in ocr
    return self.predict(img, **kwargs)
           ^^^^^^^^^^^^^^^^^^^^^^^^^^^
TypeError: PaddleOCR.predict() got an unexpected keyword argument 'cls'
31/07/2026 23:07:04 - ERROR - log_erro - Falha ao processar imagem no OCR | Detalhe: PaddleOCR.predict() got an unexpected keyword argument 'cls'
Traceback (most recent call last):
  File "C:\Users\AB-ADVOGADOS\Desktop\Converter .md\PADDLEOCR 2\PDF2MD_V2\ocr\manager.py", line 32, in ler_imagem
    resultados = self.motor.ocr(img_array, cls=False)
                 ^^^^^^^^^^^^^^^^^^^^^^^^^^^^^^^^^^^^
  File "C:\Users\AB-ADVOGADOS\AppData\Local\Programs\Python\Python311\Lib\site-packages\typing_extensions.py", line 3140, in wrapper
    return arg(*args, **kwargs)
           ^^^^^^^^^^^^^^^^^^^^
  File "C:\Users\AB-ADVOGADOS\AppData\Local\Programs\Python\Python311\Lib\site-packages\paddleocr\_pipelines\ocr.py", line 241, in ocr
    return self.predict(img, **kwargs)
           ^^^^^^^^^^^^^^^^^^^^^^^^^^^
TypeError: PaddleOCR.predict() got an unexpected keyword argument 'cls'
31/07/2026 23:07:05 - ERROR - log_erro - Falha ao processar imagem no OCR | Detalhe: PaddleOCR.predict() got an unexpected keyword argument 'cls'
Traceback (most recent call last):
  File "C:\Users\AB-ADVOGADOS\Desktop\Converter .md\PADDLEOCR 2\PDF2MD_V2\ocr\manager.py", line 32, in ler_imagem
    resultados = self.motor.ocr(img_array, cls=False)
                 ^^^^^^^^^^^^^^^^^^^^^^^^^^^^^^^^^^^^
  File "C:\Users\AB-ADVOGADOS\AppData\Local\Programs\Python\Python311\Lib\site-packages\typing_extensions.py", line 3140, in wrapper
    return arg(*args, **kwargs)
           ^^^^^^^^^^^^^^^^^^^^
  File "C:\Users\AB-ADVOGADOS\AppData\Local\Programs\Python\Python311\Lib\site-packages\paddleocr\_pipelines\ocr.py", line 241, in ocr
    return self.predict(img, **kwargs)
           ^^^^^^^^^^^^^^^^^^^^^^^^^^^
TypeError: PaddleOCR.predict() got an unexpected keyword argument 'cls'
31/07/2026 23:07:05 - ERROR - log_erro - Falha ao processar imagem no OCR | Detalhe: PaddleOCR.predict() got an unexpected keyword argument 'cls'
Traceback (most recent call last):
  File "C:\Users\AB-ADVOGADOS\Desktop\Converter .md\PADDLEOCR 2\PDF2MD_V2\ocr\manager.py", line 32, in ler_imagem
    resultados = self.motor.ocr(img_array, cls=False)
                 ^^^^^^^^^^^^^^^^^^^^^^^^^^^^^^^^^^^^
  File "C:\Users\AB-ADVOGADOS\AppData\Local\Programs\Python\Python311\Lib\site-packages\typing_extensions.py", line 3140, in wrapper
    return arg(*args, **kwargs)
           ^^^^^^^^^^^^^^^^^^^^
  File "C:\Users\AB-ADVOGADOS\AppData\Local\Programs\Python\Python311\Lib\site-packages\paddleocr\_pipelines\ocr.py", line 241, in ocr
    return self.predict(img, **kwargs)
           ^^^^^^^^^^^^^^^^^^^^^^^^^^^
TypeError: PaddleOCR.predict() got an unexpected keyword argument 'cls'
31/07/2026 23:07:05 - ERROR - log_erro - Falha ao processar imagem no OCR | Detalhe: PaddleOCR.predict() got an unexpected keyword argument 'cls'
Traceback (most recent call last):
  File "C:\Users\AB-ADVOGADOS\Desktop\Converter .md\PADDLEOCR 2\PDF2MD_V2\ocr\manager.py", line 32, in ler_imagem
    resultados = self.motor.ocr(img_array, cls=False)
                 ^^^^^^^^^^^^^^^^^^^^^^^^^^^^^^^^^^^^
  File "C:\Users\AB-ADVOGADOS\AppData\Local\Programs\Python\Python311\Lib\site-packages\typing_extensions.py", line 3140, in wrapper
    return arg(*args, **kwargs)
           ^^^^^^^^^^^^^^^^^^^^
  File "C:\Users\AB-ADVOGADOS\AppData\Local\Programs\Python\Python311\Lib\site-packages\paddleocr\_pipelines\ocr.py", line 241, in ocr
    return self.predict(img, **kwargs)
           ^^^^^^^^^^^^^^^^^^^^^^^^^^^
TypeError: PaddleOCR.predict() got an unexpected keyword argument 'cls'
31/07/2026 23:07:05 - ERROR - log_erro - Falha ao processar imagem no OCR | Detalhe: PaddleOCR.predict() got an unexpected keyword argument 'cls'
Traceback (most recent call last):
  File "C:\Users\AB-ADVOGADOS\Desktop\Converter .md\PADDLEOCR 2\PDF2MD_V2\ocr\manager.py", line 32, in ler_imagem
    resultados = self.motor.ocr(img_array, cls=False)
                 ^^^^^^^^^^^^^^^^^^^^^^^^^^^^^^^^^^^^
  File "C:\Users\AB-ADVOGADOS\AppData\Local\Programs\Python\Python311\Lib\site-packages\typing_extensions.py", line 3140, in wrapper
    return arg(*args, **kwargs)
           ^^^^^^^^^^^^^^^^^^^^
  File "C:\Users\AB-ADVOGADOS\AppData\Local\Programs\Python\Python311\Lib\site-packages\paddleocr\_pipelines\ocr.py", line 241, in ocr
    return self.predict(img, **kwargs)
           ^^^^^^^^^^^^^^^^^^^^^^^^^^^
TypeError: PaddleOCR.predict() got an unexpected keyword argument 'cls'
31/07/2026 23:07:05 - ERROR - log_erro - Falha ao processar imagem no OCR | Detalhe: PaddleOCR.predict() got an unexpected keyword argument 'cls'
Traceback (most recent call last):
  File "C:\Users\AB-ADVOGADOS\Desktop\Converter .md\PADDLEOCR 2\PDF2MD_V2\ocr\manager.py", line 32, in ler_imagem
    resultados = self.motor.ocr(img_array, cls=False)
                 ^^^^^^^^^^^^^^^^^^^^^^^^^^^^^^^^^^^^
  File "C:\Users\AB-ADVOGADOS\AppData\Local\Programs\Python\Python311\Lib\site-packages\typing_extensions.py", line 3140, in wrapper
    return arg(*args, **kwargs)
           ^^^^^^^^^^^^^^^^^^^^
  File "C:\Users\AB-ADVOGADOS\AppData\Local\Programs\Python\Python311\Lib\site-packages\paddleocr\_pipelines\ocr.py", line 241, in ocr
    return self.predict(img, **kwargs)
           ^^^^^^^^^^^^^^^^^^^^^^^^^^^
TypeError: PaddleOCR.predict() got an unexpected keyword argument 'cls'
31/07/2026 23:07:05 - ERROR - log_erro - Falha ao processar imagem no OCR | Detalhe: PaddleOCR.predict() got an unexpected keyword argument 'cls'
Traceback (most recent call last):
  File "C:\Users\AB-ADVOGADOS\Desktop\Converter .md\PADDLEOCR 2\PDF2MD_V2\ocr\manager.py", line 32, in ler_imagem
    resultados = self.motor.ocr(img_array, cls=False)
                 ^^^^^^^^^^^^^^^^^^^^^^^^^^^^^^^^^^^^
  File "C:\Users\AB-ADVOGADOS\AppData\Local\Programs\Python\Python311\Lib\site-packages\typing_extensions.py", line 3140, in wrapper
    return arg(*args, **kwargs)
           ^^^^^^^^^^^^^^^^^^^^
  File "C:\Users\AB-ADVOGADOS\AppData\Local\Programs\Python\Python311\Lib\site-packages\paddleocr\_pipelines\ocr.py", line 241, in ocr
    return self.predict(img, **kwargs)
           ^^^^^^^^^^^^^^^^^^^^^^^^^^^
TypeError: PaddleOCR.predict() got an unexpected keyword argument 'cls'
31/07/2026 23:07:05 - ERROR - log_erro - Falha ao processar imagem no OCR | Detalhe: PaddleOCR.predict() got an unexpected keyword argument 'cls'
Traceback (most recent call last):
  File "C:\Users\AB-ADVOGADOS\Desktop\Converter .md\PADDLEOCR 2\PDF2MD_V2\ocr\manager.py", line 32, in ler_imagem
    resultados = self.motor.ocr(img_array, cls=False)
                 ^^^^^^^^^^^^^^^^^^^^^^^^^^^^^^^^^^^^
  File "C:\Users\AB-ADVOGADOS\AppData\Local\Programs\Python\Python311\Lib\site-packages\typing_extensions.py", line 3140, in wrapper
    return arg(*args, **kwargs)
           ^^^^^^^^^^^^^^^^^^^^
  File "C:\Users\AB-ADVOGADOS\AppData\Local\Programs\Python\Python311\Lib\site-packages\paddleocr\_pipelines\ocr.py", line 241, in ocr
    return self.predict(img, **kwargs)
           ^^^^^^^^^^^^^^^^^^^^^^^^^^^
TypeError: PaddleOCR.predict() got an unexpected keyword argument 'cls'
31/07/2026 23:07:05 - ERROR - log_erro - Falha ao processar imagem no OCR | Detalhe: PaddleOCR.predict() got an unexpected keyword argument 'cls'
Traceback (most recent call last):
  File "C:\Users\AB-ADVOGADOS\Desktop\Converter .md\PADDLEOCR 2\PDF2MD_V2\ocr\manager.py", line 32, in ler_imagem
    resultados = self.motor.ocr(img_array, cls=False)
                 ^^^^^^^^^^^^^^^^^^^^^^^^^^^^^^^^^^^^
  File "C:\Users\AB-ADVOGADOS\AppData\Local\Programs\Python\Python311\Lib\site-packages\typing_extensions.py", line 3140, in wrapper
    return arg(*args, **kwargs)
           ^^^^^^^^^^^^^^^^^^^^
  File "C:\Users\AB-ADVOGADOS\AppData\Local\Programs\Python\Python311\Lib\site-packages\paddleocr\_pipelines\ocr.py", line 241, in ocr
    return self.predict(img, **kwargs)
           ^^^^^^^^^^^^^^^^^^^^^^^^^^^
TypeError: PaddleOCR.predict() got an unexpected keyword argument 'cls'
31/07/2026 23:07:05 - ERROR - log_erro - Falha ao processar imagem no OCR | Detalhe: PaddleOCR.predict() got an unexpected keyword argument 'cls'
Traceback (most recent call last):
  File "C:\Users\AB-ADVOGADOS\Desktop\Converter .md\PADDLEOCR 2\PDF2MD_V2\ocr\manager.py", line 32, in ler_imagem
    resultados = self.motor.ocr(img_array, cls=False)
                 ^^^^^^^^^^^^^^^^^^^^^^^^^^^^^^^^^^^^
  File "C:\Users\AB-ADVOGADOS\AppData\Local\Programs\Python\Python311\Lib\site-packages\typing_extensions.py", line 3140, in wrapper
    return arg(*args, **kwargs)
           ^^^^^^^^^^^^^^^^^^^^
  File "C:\Users\AB-ADVOGADOS\AppData\Local\Programs\Python\Python311\Lib\site-packages\paddleocr\_pipelines\ocr.py", line 241, in ocr
    return self.predict(img, **kwargs)
           ^^^^^^^^^^^^^^^^^^^^^^^^^^^
TypeError: PaddleOCR.predict() got an unexpected keyword argument 'cls'
31/07/2026 23:11:47 - ERROR - log_erro - Erro interno durante a execução do PaddleOCR em uma imagem | Detalhe: PaddleOCR.predict() got an unexpected keyword argument 'cls'
Traceback (most recent call last):
  File "C:\Users\AB-ADVOGADOS\Desktop\Converter .md\PADDLEOCR 2\PDF2MD_V2\ocr\manager.py", line 34, in ler_imagem
    resultados = self.motor.ocr(img_array, cls=False)
                 ^^^^^^^^^^^^^^^^^^^^^^^^^^^^^^^^^^^^
  File "C:\Users\AB-ADVOGADOS\AppData\Local\Programs\Python\Python311\Lib\site-packages\typing_extensions.py", line 3140, in wrapper
    return arg(*args, **kwargs)
           ^^^^^^^^^^^^^^^^^^^^
  File "C:\Users\AB-ADVOGADOS\AppData\Local\Programs\Python\Python311\Lib\site-packages\paddleocr\_pipelines\ocr.py", line 241, in ocr
    return self.predict(img, **kwargs)
           ^^^^^^^^^^^^^^^^^^^^^^^^^^^
TypeError: PaddleOCR.predict() got an unexpected keyword argument 'cls'
31/07/2026 23:12:00 - ERROR - log_erro - Erro interno durante a execução do PaddleOCR em uma imagem | Detalhe: PaddleOCR.predict() got an unexpected keyword argument 'cls'
Traceback (most recent call last):
  File "C:\Users\AB-ADVOGADOS\Desktop\Converter .md\PADDLEOCR 2\PDF2MD_V2\ocr\manager.py", line 34, in ler_imagem
    resultados = self.motor.ocr(img_array, cls=False)
                 ^^^^^^^^^^^^^^^^^^^^^^^^^^^^^^^^^^^^
  File "C:\Users\AB-ADVOGADOS\AppData\Local\Programs\Python\Python311\Lib\site-packages\typing_extensions.py", line 3140, in wrapper
    return arg(*args, **kwargs)
           ^^^^^^^^^^^^^^^^^^^^
  File "C:\Users\AB-ADVOGADOS\AppData\Local\Programs\Python\Python311\Lib\site-packages\paddleocr\_pipelines\ocr.py", line 241, in ocr
    return self.predict(img, **kwargs)
           ^^^^^^^^^^^^^^^^^^^^^^^^^^^
TypeError: PaddleOCR.predict() got an unexpected keyword argument 'cls'
31/07/2026 23:12:00 - ERROR - log_erro - Erro interno durante a execução do PaddleOCR em uma imagem | Detalhe: PaddleOCR.predict() got an unexpected keyword argument 'cls'
Traceback (most recent call last):
  File "C:\Users\AB-ADVOGADOS\Desktop\Converter .md\PADDLEOCR 2\PDF2MD_V2\ocr\manager.py", line 34, in ler_imagem
    resultados = self.motor.ocr(img_array, cls=False)
                 ^^^^^^^^^^^^^^^^^^^^^^^^^^^^^^^^^^^^
  File "C:\Users\AB-ADVOGADOS\AppData\Local\Programs\Python\Python311\Lib\site-packages\typing_extensions.py", line 3140, in wrapper
    return arg(*args, **kwargs)
           ^^^^^^^^^^^^^^^^^^^^
  File "C:\Users\AB-ADVOGADOS\AppData\Local\Programs\Python\Python311\Lib\site-packages\paddleocr\_pipelines\ocr.py", line 241, in ocr
    return self.predict(img, **kwargs)
           ^^^^^^^^^^^^^^^^^^^^^^^^^^^
TypeError: PaddleOCR.predict() got an unexpected keyword argument 'cls'
31/07/2026 23:12:01 - ERROR - log_erro - Erro interno durante a execução do PaddleOCR em uma imagem | Detalhe: PaddleOCR.predict() got an unexpected keyword argument 'cls'
Traceback (most recent call last):
  File "C:\Users\AB-ADVOGADOS\Desktop\Converter .md\PADDLEOCR 2\PDF2MD_V2\ocr\manager.py", line 34, in ler_imagem
    resultados = self.motor.ocr(img_array, cls=False)
                 ^^^^^^^^^^^^^^^^^^^^^^^^^^^^^^^^^^^^
  File "C:\Users\AB-ADVOGADOS\AppData\Local\Programs\Python\Python311\Lib\site-packages\typing_extensions.py", line 3140, in wrapper
    return arg(*args, **kwargs)
           ^^^^^^^^^^^^^^^^^^^^
  File "C:\Users\AB-ADVOGADOS\AppData\Local\Programs\Python\Python311\Lib\site-packages\paddleocr\_pipelines\ocr.py", line 241, in ocr
    return self.predict(img, **kwargs)
           ^^^^^^^^^^^^^^^^^^^^^^^^^^^
TypeError: PaddleOCR.predict() got an unexpected keyword argument 'cls'
31/07/2026 23:12:01 - ERROR - log_erro - Erro interno durante a execução do PaddleOCR em uma imagem | Detalhe: PaddleOCR.predict() got an unexpected keyword argument 'cls'
Traceback (most recent call last):
  File "C:\Users\AB-ADVOGADOS\Desktop\Converter .md\PADDLEOCR 2\PDF2MD_V2\ocr\manager.py", line 34, in ler_imagem
    resultados = self.motor.ocr(img_array, cls=False)
                 ^^^^^^^^^^^^^^^^^^^^^^^^^^^^^^^^^^^^
  File "C:\Users\AB-ADVOGADOS\AppData\Local\Programs\Python\Python311\Lib\site-packages\typing_extensions.py", line 3140, in wrapper
    return arg(*args, **kwargs)
           ^^^^^^^^^^^^^^^^^^^^
  File "C:\Users\AB-ADVOGADOS\AppData\Local\Programs\Python\Python311\Lib\site-packages\paddleocr\_pipelines\ocr.py", line 241, in ocr
    return self.predict(img, **kwargs)
           ^^^^^^^^^^^^^^^^^^^^^^^^^^^
TypeError: PaddleOCR.predict() got an unexpected keyword argument 'cls'
31/07/2026 23:12:01 - ERROR - log_erro - Erro interno durante a execução do PaddleOCR em uma imagem | Detalhe: PaddleOCR.predict() got an unexpected keyword argument 'cls'
Traceback (most recent call last):
  File "C:\Users\AB-ADVOGADOS\Desktop\Converter .md\PADDLEOCR 2\PDF2MD_V2\ocr\manager.py", line 34, in ler_imagem
    resultados = self.motor.ocr(img_array, cls=False)
                 ^^^^^^^^^^^^^^^^^^^^^^^^^^^^^^^^^^^^
  File "C:\Users\AB-ADVOGADOS\AppData\Local\Programs\Python\Python311\Lib\site-packages\typing_extensions.py", line 3140, in wrapper
    return arg(*args, **kwargs)
           ^^^^^^^^^^^^^^^^^^^^
  File "C:\Users\AB-ADVOGADOS\AppData\Local\Programs\Python\Python311\Lib\site-packages\paddleocr\_pipelines\ocr.py", line 241, in ocr
    return self.predict(img, **kwargs)
           ^^^^^^^^^^^^^^^^^^^^^^^^^^^
TypeError: PaddleOCR.predict() got an unexpected keyword argument 'cls'
31/07/2026 23:12:01 - ERROR - log_erro - Erro interno durante a execução do PaddleOCR em uma imagem | Detalhe: PaddleOCR.predict() got an unexpected keyword argument 'cls'
Traceback (most recent call last):
  File "C:\Users\AB-ADVOGADOS\Desktop\Converter .md\PADDLEOCR 2\PDF2MD_V2\ocr\manager.py", line 34, in ler_imagem
    resultados = self.motor.ocr(img_array, cls=False)
                 ^^^^^^^^^^^^^^^^^^^^^^^^^^^^^^^^^^^^
  File "C:\Users\AB-ADVOGADOS\AppData\Local\Programs\Python\Python311\Lib\site-packages\typing_extensions.py", line 3140, in wrapper
    return arg(*args, **kwargs)
           ^^^^^^^^^^^^^^^^^^^^
  File "C:\Users\AB-ADVOGADOS\AppData\Local\Programs\Python\Python311\Lib\site-packages\paddleocr\_pipelines\ocr.py", line 241, in ocr
    return self.predict(img, **kwargs)
           ^^^^^^^^^^^^^^^^^^^^^^^^^^^
TypeError: PaddleOCR.predict() got an unexpected keyword argument 'cls'
31/07/2026 23:12:01 - ERROR - log_erro - Erro interno durante a execução do PaddleOCR em uma imagem | Detalhe: PaddleOCR.predict() got an unexpected keyword argument 'cls'
Traceback (most recent call last):
  File "C:\Users\AB-ADVOGADOS\Desktop\Converter .md\PADDLEOCR 2\PDF2MD_V2\ocr\manager.py", line 34, in ler_imagem
    resultados = self.motor.ocr(img_array, cls=False)
                 ^^^^^^^^^^^^^^^^^^^^^^^^^^^^^^^^^^^^
  File "C:\Users\AB-ADVOGADOS\AppData\Local\Programs\Python\Python311\Lib\site-packages\typing_extensions.py", line 3140, in wrapper
    return arg(*args, **kwargs)
           ^^^^^^^^^^^^^^^^^^^^
  File "C:\Users\AB-ADVOGADOS\AppData\Local\Programs\Python\Python311\Lib\site-packages\paddleocr\_pipelines\ocr.py", line 241, in ocr
    return self.predict(img, **kwargs)
           ^^^^^^^^^^^^^^^^^^^^^^^^^^^
TypeError: PaddleOCR.predict() got an unexpected keyword argument 'cls'
31/07/2026 23:12:01 - ERROR - log_erro - Erro interno durante a execução do PaddleOCR em uma imagem | Detalhe: PaddleOCR.predict() got an unexpected keyword argument 'cls'
Traceback (most recent call last):
  File "C:\Users\AB-ADVOGADOS\Desktop\Converter .md\PADDLEOCR 2\PDF2MD_V2\ocr\manager.py", line 34, in ler_imagem
    resultados = self.motor.ocr(img_array, cls=False)
                 ^^^^^^^^^^^^^^^^^^^^^^^^^^^^^^^^^^^^
  File "C:\Users\AB-ADVOGADOS\AppData\Local\Programs\Python\Python311\Lib\site-packages\typing_extensions.py", line 3140, in wrapper
    return arg(*args, **kwargs)
           ^^^^^^^^^^^^^^^^^^^^
  File "C:\Users\AB-ADVOGADOS\AppData\Local\Programs\Python\Python311\Lib\site-packages\paddleocr\_pipelines\ocr.py", line 241, in ocr
    return self.predict(img, **kwargs)
           ^^^^^^^^^^^^^^^^^^^^^^^^^^^
TypeError: PaddleOCR.predict() got an unexpected keyword argument 'cls'
31/07/2026 23:12:01 - ERROR - log_erro - Erro interno durante a execução do PaddleOCR em uma imagem | Detalhe: PaddleOCR.predict() got an unexpected keyword argument 'cls'
Traceback (most recent call last):
  File "C:\Users\AB-ADVOGADOS\Desktop\Converter .md\PADDLEOCR 2\PDF2MD_V2\ocr\manager.py", line 34, in ler_imagem
    resultados = self.motor.ocr(img_array, cls=False)
                 ^^^^^^^^^^^^^^^^^^^^^^^^^^^^^^^^^^^^
  File "C:\Users\AB-ADVOGADOS\AppData\Local\Programs\Python\Python311\Lib\site-packages\typing_extensions.py", line 3140, in wrapper
    return arg(*args, **kwargs)
           ^^^^^^^^^^^^^^^^^^^^
  File "C:\Users\AB-ADVOGADOS\AppData\Local\Programs\Python\Python311\Lib\site-packages\paddleocr\_pipelines\ocr.py", line 241, in ocr
    return self.predict(img, **kwargs)
           ^^^^^^^^^^^^^^^^^^^^^^^^^^^
TypeError: PaddleOCR.predict() got an unexpected keyword argument 'cls'
31/07/2026 23:12:01 - ERROR - log_erro - Erro interno durante a execução do PaddleOCR em uma imagem | Detalhe: PaddleOCR.predict() got an unexpected keyword argument 'cls'
Traceback (most recent call last):
  File "C:\Users\AB-ADVOGADOS\Desktop\Converter .md\PADDLEOCR 2\PDF2MD_V2\ocr\manager.py", line 34, in ler_imagem
    resultados = self.motor.ocr(img_array, cls=False)
                 ^^^^^^^^^^^^^^^^^^^^^^^^^^^^^^^^^^^^
  File "C:\Users\AB-ADVOGADOS\AppData\Local\Programs\Python\Python311\Lib\site-packages\typing_extensions.py", line 3140, in wrapper
    return arg(*args, **kwargs)
           ^^^^^^^^^^^^^^^^^^^^
  File "C:\Users\AB-ADVOGADOS\AppData\Local\Programs\Python\Python311\Lib\site-packages\paddleocr\_pipelines\ocr.py", line 241, in ocr
    return self.predict(img, **kwargs)
           ^^^^^^^^^^^^^^^^^^^^^^^^^^^
TypeError: PaddleOCR.predict() got an unexpected keyword argument 'cls'
31/07/2026 23:12:01 - ERROR - log_erro - Erro interno durante a execução do PaddleOCR em uma imagem | Detalhe: PaddleOCR.predict() got an unexpected keyword argument 'cls'
Traceback (most recent call last):
  File "C:\Users\AB-ADVOGADOS\Desktop\Converter .md\PADDLEOCR 2\PDF2MD_V2\ocr\manager.py", line 34, in ler_imagem
    resultados = self.motor.ocr(img_array, cls=False)
                 ^^^^^^^^^^^^^^^^^^^^^^^^^^^^^^^^^^^^
  File "C:\Users\AB-ADVOGADOS\AppData\Local\Programs\Python\Python311\Lib\site-packages\typing_extensions.py", line 3140, in wrapper
    return arg(*args, **kwargs)
           ^^^^^^^^^^^^^^^^^^^^
  File "C:\Users\AB-ADVOGADOS\AppData\Local\Programs\Python\Python311\Lib\site-packages\paddleocr\_pipelines\ocr.py", line 241, in ocr
    return self.predict(img, **kwargs)
           ^^^^^^^^^^^^^^^^^^^^^^^^^^^
TypeError: PaddleOCR.predict() got an unexpected keyword argument 'cls'
31/07/2026 23:12:01 - ERROR - log_erro - Erro interno durante a execução do PaddleOCR em uma imagem | Detalhe: PaddleOCR.predict() got an unexpected keyword argument 'cls'
Traceback (most recent call last):
  File "C:\Users\AB-ADVOGADOS\Desktop\Converter .md\PADDLEOCR 2\PDF2MD_V2\ocr\manager.py", line 34, in ler_imagem
    resultados = self.motor.ocr(img_array, cls=False)
                 ^^^^^^^^^^^^^^^^^^^^^^^^^^^^^^^^^^^^
  File "C:\Users\AB-ADVOGADOS\AppData\Local\Programs\Python\Python311\Lib\site-packages\typing_extensions.py", line 3140, in wrapper
    return arg(*args, **kwargs)
           ^^^^^^^^^^^^^^^^^^^^
  File "C:\Users\AB-ADVOGADOS\AppData\Local\Programs\Python\Python311\Lib\site-packages\paddleocr\_pipelines\ocr.py", line 241, in ocr
    return self.predict(img, **kwargs)
           ^^^^^^^^^^^^^^^^^^^^^^^^^^^
TypeError: PaddleOCR.predict() got an unexpected keyword argument 'cls'
31/07/2026 23:12:01 - ERROR - log_erro - Erro interno durante a execução do PaddleOCR em uma imagem | Detalhe: PaddleOCR.predict() got an unexpected keyword argument 'cls'
Traceback (most recent call last):
  File "C:\Users\AB-ADVOGADOS\Desktop\Converter .md\PADDLEOCR 2\PDF2MD_V2\ocr\manager.py", line 34, in ler_imagem
    resultados = self.motor.ocr(img_array, cls=False)
                 ^^^^^^^^^^^^^^^^^^^^^^^^^^^^^^^^^^^^
  File "C:\Users\AB-ADVOGADOS\AppData\Local\Programs\Python\Python311\Lib\site-packages\typing_extensions.py", line 3140, in wrapper
    return arg(*args, **kwargs)
           ^^^^^^^^^^^^^^^^^^^^
  File "C:\Users\AB-ADVOGADOS\AppData\Local\Programs\Python\Python311\Lib\site-packages\paddleocr\_pipelines\ocr.py", line 241, in ocr
    return self.predict(img, **kwargs)
           ^^^^^^^^^^^^^^^^^^^^^^^^^^^
TypeError: PaddleOCR.predict() got an unexpected keyword argument 'cls'
31/07/2026 23:12:01 - ERROR - log_erro - Erro interno durante a execução do PaddleOCR em uma imagem | Detalhe: PaddleOCR.predict() got an unexpected keyword argument 'cls'
Traceback (most recent call last):
  File "C:\Users\AB-ADVOGADOS\Desktop\Converter .md\PADDLEOCR 2\PDF2MD_V2\ocr\manager.py", line 34, in ler_imagem
    resultados = self.motor.ocr(img_array, cls=False)
                 ^^^^^^^^^^^^^^^^^^^^^^^^^^^^^^^^^^^^
  File "C:\Users\AB-ADVOGADOS\AppData\Local\Programs\Python\Python311\Lib\site-packages\typing_extensions.py", line 3140, in wrapper
    return arg(*args, **kwargs)
           ^^^^^^^^^^^^^^^^^^^^
  File "C:\Users\AB-ADVOGADOS\AppData\Local\Programs\Python\Python311\Lib\site-packages\paddleocr\_pipelines\ocr.py", line 241, in ocr
    return self.predict(img, **kwargs)
           ^^^^^^^^^^^^^^^^^^^^^^^^^^^
TypeError: PaddleOCR.predict() got an unexpected keyword argument 'cls'
31/07/2026 23:12:01 - ERROR - log_erro - Erro interno durante a execução do PaddleOCR em uma imagem | Detalhe: PaddleOCR.predict() got an unexpected keyword argument 'cls'
Traceback (most recent call last):
  File "C:\Users\AB-ADVOGADOS\Desktop\Converter .md\PADDLEOCR 2\PDF2MD_V2\ocr\manager.py", line 34, in ler_imagem
    resultados = self.motor.ocr(img_array, cls=False)
                 ^^^^^^^^^^^^^^^^^^^^^^^^^^^^^^^^^^^^
  File "C:\Users\AB-ADVOGADOS\AppData\Local\Programs\Python\Python311\Lib\site-packages\typing_extensions.py", line 3140, in wrapper
    return arg(*args, **kwargs)
           ^^^^^^^^^^^^^^^^^^^^
  File "C:\Users\AB-ADVOGADOS\AppData\Local\Programs\Python\Python311\Lib\site-packages\paddleocr\_pipelines\ocr.py", line 241, in ocr
    return self.predict(img, **kwargs)
           ^^^^^^^^^^^^^^^^^^^^^^^^^^^
TypeError: PaddleOCR.predict() got an unexpected keyword argument 'cls'
31/07/2026 23:12:01 - ERROR - log_erro - Erro interno durante a execução do PaddleOCR em uma imagem | Detalhe: PaddleOCR.predict() got an unexpected keyword argument 'cls'
Traceback (most recent call last):
  File "C:\Users\AB-ADVOGADOS\Desktop\Converter .md\PADDLEOCR 2\PDF2MD_V2\ocr\manager.py", line 34, in ler_imagem
    resultados = self.motor.ocr(img_array, cls=False)
                 ^^^^^^^^^^^^^^^^^^^^^^^^^^^^^^^^^^^^
  File "C:\Users\AB-ADVOGADOS\AppData\Local\Programs\Python\Python311\Lib\site-packages\typing_extensions.py", line 3140, in wrapper
    return arg(*args, **kwargs)
           ^^^^^^^^^^^^^^^^^^^^
  File "C:\Users\AB-ADVOGADOS\AppData\Local\Programs\Python\Python311\Lib\site-packages\paddleocr\_pipelines\ocr.py", line 241, in ocr
    return self.predict(img, **kwargs)
           ^^^^^^^^^^^^^^^^^^^^^^^^^^^
TypeError: PaddleOCR.predict() got an unexpected keyword argument 'cls'
31/07/2026 23:12:01 - ERROR - log_erro - Erro interno durante a execução do PaddleOCR em uma imagem | Detalhe: PaddleOCR.predict() got an unexpected keyword argument 'cls'
Traceback (most recent call last):
  File "C:\Users\AB-ADVOGADOS\Desktop\Converter .md\PADDLEOCR 2\PDF2MD_V2\ocr\manager.py", line 34, in ler_imagem
    resultados = self.motor.ocr(img_array, cls=False)
                 ^^^^^^^^^^^^^^^^^^^^^^^^^^^^^^^^^^^^
  File "C:\Users\AB-ADVOGADOS\AppData\Local\Programs\Python\Python311\Lib\site-packages\typing_extensions.py", line 3140, in wrapper
    return arg(*args, **kwargs)
           ^^^^^^^^^^^^^^^^^^^^
  File "C:\Users\AB-ADVOGADOS\AppData\Local\Programs\Python\Python311\Lib\site-packages\paddleocr\_pipelines\ocr.py", line 241, in ocr
    return self.predict(img, **kwargs)
           ^^^^^^^^^^^^^^^^^^^^^^^^^^^
TypeError: PaddleOCR.predict() got an unexpected keyword argument 'cls'
31/07/2026 23:13:42 - ERROR - log_erro - Falha ao inicializar o motor PaddleOCR | Detalhe: Unknown argument: unclip_ratio
Traceback (most recent call last):
  File "C:\Users\AB-ADVOGADOS\Desktop\Converter .md\PADDLEOCR 2\PDF2MD_V2\ocr\manager.py", line 13, in inicializar_se_necessario
    self.motor = PaddleOCR(
                 ^^^^^^^^^^
  File "C:\Users\AB-ADVOGADOS\AppData\Local\Programs\Python\Python311\Lib\site-packages\paddleocr\_pipelines\ocr.py", line 173, in __init__
    super().__init__(**base_params)
  File "C:\Users\AB-ADVOGADOS\AppData\Local\Programs\Python\Python311\Lib\site-packages\paddleocr\_pipelines\base.py", line 63, in __init__
    self._common_args = parse_common_args(
                        ^^^^^^^^^^^^^^^^^^
  File "C:\Users\AB-ADVOGADOS\AppData\Local\Programs\Python\Python311\Lib\site-packages\paddleocr\_common_args.py", line 54, in parse_common_args
    raise ValueError(f"Unknown argument: {name}")
ValueError: Unknown argument: unclip_ratio
31/07/2026 23:13:56 - ERROR - log_erro - Falha ao inicializar o motor PaddleOCR | Detalhe: Unknown argument: unclip_ratio
Traceback (most recent call last):
  File "C:\Users\AB-ADVOGADOS\Desktop\Converter .md\PADDLEOCR 2\PDF2MD_V2\ocr\manager.py", line 13, in inicializar_se_necessario
    self.motor = PaddleOCR(
                 ^^^^^^^^^^
  File "C:\Users\AB-ADVOGADOS\AppData\Local\Programs\Python\Python311\Lib\site-packages\paddleocr\_pipelines\ocr.py", line 173, in __init__
    super().__init__(**base_params)
  File "C:\Users\AB-ADVOGADOS\AppData\Local\Programs\Python\Python311\Lib\site-packages\paddleocr\_pipelines\base.py", line 63, in __init__
    self._common_args = parse_common_args(
                        ^^^^^^^^^^^^^^^^^^
  File "C:\Users\AB-ADVOGADOS\AppData\Local\Programs\Python\Python311\Lib\site-packages\paddleocr\_common_args.py", line 54, in parse_common_args
    raise ValueError(f"Unknown argument: {name}")
ValueError: Unknown argument: unclip_ratio
31/07/2026 23:13:56 - ERROR - log_erro - Falha ao inicializar o motor PaddleOCR | Detalhe: Unknown argument: unclip_ratio
Traceback (most recent call last):
  File "C:\Users\AB-ADVOGADOS\Desktop\Converter .md\PADDLEOCR 2\PDF2MD_V2\ocr\manager.py", line 13, in inicializar_se_necessario
    self.motor = PaddleOCR(
                 ^^^^^^^^^^
  File "C:\Users\AB-ADVOGADOS\AppData\Local\Programs\Python\Python311\Lib\site-packages\paddleocr\_pipelines\ocr.py", line 173, in __init__
    super().__init__(**base_params)
  File "C:\Users\AB-ADVOGADOS\AppData\Local\Programs\Python\Python311\Lib\site-packages\paddleocr\_pipelines\base.py", line 63, in __init__
    self._common_args = parse_common_args(
                        ^^^^^^^^^^^^^^^^^^
  File "C:\Users\AB-ADVOGADOS\AppData\Local\Programs\Python\Python311\Lib\site-packages\paddleocr\_common_args.py", line 54, in parse_common_args
    raise ValueError(f"Unknown argument: {name}")
ValueError: Unknown argument: unclip_ratio
31/07/2026 23:13:56 - ERROR - log_erro - Falha ao inicializar o motor PaddleOCR | Detalhe: Unknown argument: unclip_ratio
Traceback (most recent call last):
  File "C:\Users\AB-ADVOGADOS\Desktop\Converter .md\PADDLEOCR 2\PDF2MD_V2\ocr\manager.py", line 13, in inicializar_se_necessario
    self.motor = PaddleOCR(
                 ^^^^^^^^^^
  File "C:\Users\AB-ADVOGADOS\AppData\Local\Programs\Python\Python311\Lib\site-packages\paddleocr\_pipelines\ocr.py", line 173, in __init__
    super().__init__(**base_params)
  File "C:\Users\AB-ADVOGADOS\AppData\Local\Programs\Python\Python311\Lib\site-packages\paddleocr\_pipelines\base.py", line 63, in __init__
    self._common_args = parse_common_args(
                        ^^^^^^^^^^^^^^^^^^
  File "C:\Users\AB-ADVOGADOS\AppData\Local\Programs\Python\Python311\Lib\site-packages\paddleocr\_common_args.py", line 54, in parse_common_args
    raise ValueError(f"Unknown argument: {name}")
ValueError: Unknown argument: unclip_ratio
31/07/2026 23:13:56 - ERROR - log_erro - Falha ao inicializar o motor PaddleOCR | Detalhe: Unknown argument: unclip_ratio
Traceback (most recent call last):
  File "C:\Users\AB-ADVOGADOS\Desktop\Converter .md\PADDLEOCR 2\PDF2MD_V2\ocr\manager.py", line 13, in inicializar_se_necessario
    self.motor = PaddleOCR(
                 ^^^^^^^^^^
  File "C:\Users\AB-ADVOGADOS\AppData\Local\Programs\Python\Python311\Lib\site-packages\paddleocr\_pipelines\ocr.py", line 173, in __init__
    super().__init__(**base_params)
  File "C:\Users\AB-ADVOGADOS\AppData\Local\Programs\Python\Python311\Lib\site-packages\paddleocr\_pipelines\base.py", line 63, in __init__
    self._common_args = parse_common_args(
                        ^^^^^^^^^^^^^^^^^^
  File "C:\Users\AB-ADVOGADOS\AppData\Local\Programs\Python\Python311\Lib\site-packages\paddleocr\_common_args.py", line 54, in parse_common_args
    raise ValueError(f"Unknown argument: {name}")
ValueError: Unknown argument: unclip_ratio
31/07/2026 23:13:56 - ERROR - log_erro - Falha ao inicializar o motor PaddleOCR | Detalhe: Unknown argument: unclip_ratio
Traceback (most recent call last):
  File "C:\Users\AB-ADVOGADOS\Desktop\Converter .md\PADDLEOCR 2\PDF2MD_V2\ocr\manager.py", line 13, in inicializar_se_necessario
    self.motor = PaddleOCR(
                 ^^^^^^^^^^
  File "C:\Users\AB-ADVOGADOS\AppData\Local\Programs\Python\Python311\Lib\site-packages\paddleocr\_pipelines\ocr.py", line 173, in __init__
    super().__init__(**base_params)
  File "C:\Users\AB-ADVOGADOS\AppData\Local\Programs\Python\Python311\Lib\site-packages\paddleocr\_pipelines\base.py", line 63, in __init__
    self._common_args = parse_common_args(
                        ^^^^^^^^^^^^^^^^^^
  File "C:\Users\AB-ADVOGADOS\AppData\Local\Programs\Python\Python311\Lib\site-packages\paddleocr\_common_args.py", line 54, in parse_common_args
    raise ValueError(f"Unknown argument: {name}")
ValueError: Unknown argument: unclip_ratio
31/07/2026 23:13:56 - ERROR - log_erro - Falha ao inicializar o motor PaddleOCR | Detalhe: Unknown argument: unclip_ratio
Traceback (most recent call last):
  File "C:\Users\AB-ADVOGADOS\Desktop\Converter .md\PADDLEOCR 2\PDF2MD_V2\ocr\manager.py", line 13, in inicializar_se_necessario
    self.motor = PaddleOCR(
                 ^^^^^^^^^^
  File "C:\Users\AB-ADVOGADOS\AppData\Local\Programs\Python\Python311\Lib\site-packages\paddleocr\_pipelines\ocr.py", line 173, in __init__
    super().__init__(**base_params)
  File "C:\Users\AB-ADVOGADOS\AppData\Local\Programs\Python\Python311\Lib\site-packages\paddleocr\_pipelines\base.py", line 63, in __init__
    self._common_args = parse_common_args(
                        ^^^^^^^^^^^^^^^^^^
  File "C:\Users\AB-ADVOGADOS\AppData\Local\Programs\Python\Python311\Lib\site-packages\paddleocr\_common_args.py", line 54, in parse_common_args
    raise ValueError(f"Unknown argument: {name}")
ValueError: Unknown argument: unclip_ratio
31/07/2026 23:13:56 - ERROR - log_erro - Falha ao inicializar o motor PaddleOCR | Detalhe: Unknown argument: unclip_ratio
Traceback (most recent call last):
  File "C:\Users\AB-ADVOGADOS\Desktop\Converter .md\PADDLEOCR 2\PDF2MD_V2\ocr\manager.py", line 13, in inicializar_se_necessario
    self.motor = PaddleOCR(
                 ^^^^^^^^^^
  File "C:\Users\AB-ADVOGADOS\AppData\Local\Programs\Python\Python311\Lib\site-packages\paddleocr\_pipelines\ocr.py", line 173, in __init__
    super().__init__(**base_params)
  File "C:\Users\AB-ADVOGADOS\AppData\Local\Programs\Python\Python311\Lib\site-packages\paddleocr\_pipelines\base.py", line 63, in __init__
    self._common_args = parse_common_args(
                        ^^^^^^^^^^^^^^^^^^
  File "C:\Users\AB-ADVOGADOS\AppData\Local\Programs\Python\Python311\Lib\site-packages\paddleocr\_common_args.py", line 54, in parse_common_args
    raise ValueError(f"Unknown argument: {name}")
ValueError: Unknown argument: unclip_ratio
31/07/2026 23:13:56 - ERROR - log_erro - Falha ao inicializar o motor PaddleOCR | Detalhe: Unknown argument: unclip_ratio
Traceback (most recent call last):
  File "C:\Users\AB-ADVOGADOS\Desktop\Converter .md\PADDLEOCR 2\PDF2MD_V2\ocr\manager.py", line 13, in inicializar_se_necessario
    self.motor = PaddleOCR(
                 ^^^^^^^^^^
  File "C:\Users\AB-ADVOGADOS\AppData\Local\Programs\Python\Python311\Lib\site-packages\paddleocr\_pipelines\ocr.py", line 173, in __init__
    super().__init__(**base_params)
  File "C:\Users\AB-ADVOGADOS\AppData\Local\Programs\Python\Python311\Lib\site-packages\paddleocr\_pipelines\base.py", line 63, in __init__
    self._common_args = parse_common_args(
                        ^^^^^^^^^^^^^^^^^^
  File "C:\Users\AB-ADVOGADOS\AppData\Local\Programs\Python\Python311\Lib\site-packages\paddleocr\_common_args.py", line 54, in parse_common_args
    raise ValueError(f"Unknown argument: {name}")
ValueError: Unknown argument: unclip_ratio
31/07/2026 23:13:56 - ERROR - log_erro - Falha ao inicializar o motor PaddleOCR | Detalhe: Unknown argument: unclip_ratio
Traceback (most recent call last):
  File "C:\Users\AB-ADVOGADOS\Desktop\Converter .md\PADDLEOCR 2\PDF2MD_V2\ocr\manager.py", line 13, in inicializar_se_necessario
    self.motor = PaddleOCR(
                 ^^^^^^^^^^
  File "C:\Users\AB-ADVOGADOS\AppData\Local\Programs\Python\Python311\Lib\site-packages\paddleocr\_pipelines\ocr.py", line 173, in __init__
    super().__init__(**base_params)
  File "C:\Users\AB-ADVOGADOS\AppData\Local\Programs\Python\Python311\Lib\site-packages\paddleocr\_pipelines\base.py", line 63, in __init__
    self._common_args = parse_common_args(
                        ^^^^^^^^^^^^^^^^^^
  File "C:\Users\AB-ADVOGADOS\AppData\Local\Programs\Python\Python311\Lib\site-packages\paddleocr\_common_args.py", line 54, in parse_common_args
    raise ValueError(f"Unknown argument: {name}")
ValueError: Unknown argument: unclip_ratio
31/07/2026 23:13:56 - ERROR - log_erro - Falha ao inicializar o motor PaddleOCR | Detalhe: Unknown argument: unclip_ratio
Traceback (most recent call last):
  File "C:\Users\AB-ADVOGADOS\Desktop\Converter .md\PADDLEOCR 2\PDF2MD_V2\ocr\manager.py", line 13, in inicializar_se_necessario
    self.motor = PaddleOCR(
                 ^^^^^^^^^^
  File "C:\Users\AB-ADVOGADOS\AppData\Local\Programs\Python\Python311\Lib\site-packages\paddleocr\_pipelines\ocr.py", line 173, in __init__
    super().__init__(**base_params)
  File "C:\Users\AB-ADVOGADOS\AppData\Local\Programs\Python\Python311\Lib\site-packages\paddleocr\_pipelines\base.py", line 63, in __init__
    self._common_args = parse_common_args(
                        ^^^^^^^^^^^^^^^^^^
  File "C:\Users\AB-ADVOGADOS\AppData\Local\Programs\Python\Python311\Lib\site-packages\paddleocr\_common_args.py", line 54, in parse_common_args
    raise ValueError(f"Unknown argument: {name}")
ValueError: Unknown argument: unclip_ratio
31/07/2026 23:13:56 - ERROR - log_erro - Falha ao inicializar o motor PaddleOCR | Detalhe: Unknown argument: unclip_ratio
Traceback (most recent call last):
  File "C:\Users\AB-ADVOGADOS\Desktop\Converter .md\PADDLEOCR 2\PDF2MD_V2\ocr\manager.py", line 13, in inicializar_se_necessario
    self.motor = PaddleOCR(
                 ^^^^^^^^^^
  File "C:\Users\AB-ADVOGADOS\AppData\Local\Programs\Python\Python311\Lib\site-packages\paddleocr\_pipelines\ocr.py", line 173, in __init__
    super().__init__(**base_params)
  File "C:\Users\AB-ADVOGADOS\AppData\Local\Programs\Python\Python311\Lib\site-packages\paddleocr\_pipelines\base.py", line 63, in __init__
    self._common_args = parse_common_args(
                        ^^^^^^^^^^^^^^^^^^
  File "C:\Users\AB-ADVOGADOS\AppData\Local\Programs\Python\Python311\Lib\site-packages\paddleocr\_common_args.py", line 54, in parse_common_args
    raise ValueError(f"Unknown argument: {name}")
ValueError: Unknown argument: unclip_ratio
31/07/2026 23:13:56 - ERROR - log_erro - Falha ao inicializar o motor PaddleOCR | Detalhe: Unknown argument: unclip_ratio
Traceback (most recent call last):
  File "C:\Users\AB-ADVOGADOS\Desktop\Converter .md\PADDLEOCR 2\PDF2MD_V2\ocr\manager.py", line 13, in inicializar_se_necessario
    self.motor = PaddleOCR(
                 ^^^^^^^^^^
  File "C:\Users\AB-ADVOGADOS\AppData\Local\Programs\Python\Python311\Lib\site-packages\paddleocr\_pipelines\ocr.py", line 173, in __init__
    super().__init__(**base_params)
  File "C:\Users\AB-ADVOGADOS\AppData\Local\Programs\Python\Python311\Lib\site-packages\paddleocr\_pipelines\base.py", line 63, in __init__
    self._common_args = parse_common_args(
                        ^^^^^^^^^^^^^^^^^^
  File "C:\Users\AB-ADVOGADOS\AppData\Local\Programs\Python\Python311\Lib\site-packages\paddleocr\_common_args.py", line 54, in parse_common_args
    raise ValueError(f"Unknown argument: {name}")
ValueError: Unknown argument: unclip_ratio
31/07/2026 23:13:56 - ERROR - log_erro - Falha ao inicializar o motor PaddleOCR | Detalhe: Unknown argument: unclip_ratio
Traceback (most recent call last):
  File "C:\Users\AB-ADVOGADOS\Desktop\Converter .md\PADDLEOCR 2\PDF2MD_V2\ocr\manager.py", line 13, in inicializar_se_necessario
    self.motor = PaddleOCR(
                 ^^^^^^^^^^
  File "C:\Users\AB-ADVOGADOS\AppData\Local\Programs\Python\Python311\Lib\site-packages\paddleocr\_pipelines\ocr.py", line 173, in __init__
    super().__init__(**base_params)
  File "C:\Users\AB-ADVOGADOS\AppData\Local\Programs\Python\Python311\Lib\site-packages\paddleocr\_pipelines\base.py", line 63, in __init__
    self._common_args = parse_common_args(
                        ^^^^^^^^^^^^^^^^^^
  File "C:\Users\AB-ADVOGADOS\AppData\Local\Programs\Python\Python311\Lib\site-packages\paddleocr\_common_args.py", line 54, in parse_common_args
    raise ValueError(f"Unknown argument: {name}")
ValueError: Unknown argument: unclip_ratio
31/07/2026 23:13:56 - ERROR - log_erro - Falha ao inicializar o motor PaddleOCR | Detalhe: Unknown argument: unclip_ratio
Traceback (most recent call last):
  File "C:\Users\AB-ADVOGADOS\Desktop\Converter .md\PADDLEOCR 2\PDF2MD_V2\ocr\manager.py", line 13, in inicializar_se_necessario
    self.motor = PaddleOCR(
                 ^^^^^^^^^^
  File "C:\Users\AB-ADVOGADOS\AppData\Local\Programs\Python\Python311\Lib\site-packages\paddleocr\_pipelines\ocr.py", line 173, in __init__
    super().__init__(**base_params)
  File "C:\Users\AB-ADVOGADOS\AppData\Local\Programs\Python\Python311\Lib\site-packages\paddleocr\_pipelines\base.py", line 63, in __init__
    self._common_args = parse_common_args(
                        ^^^^^^^^^^^^^^^^^^
  File "C:\Users\AB-ADVOGADOS\AppData\Local\Programs\Python\Python311\Lib\site-packages\paddleocr\_common_args.py", line 54, in parse_common_args
    raise ValueError(f"Unknown argument: {name}")
ValueError: Unknown argument: unclip_ratio
31/07/2026 23:13:56 - ERROR - log_erro - Falha ao inicializar o motor PaddleOCR | Detalhe: Unknown argument: unclip_ratio
Traceback (most recent call last):
  File "C:\Users\AB-ADVOGADOS\Desktop\Converter .md\PADDLEOCR 2\PDF2MD_V2\ocr\manager.py", line 13, in inicializar_se_necessario
    self.motor = PaddleOCR(
                 ^^^^^^^^^^
  File "C:\Users\AB-ADVOGADOS\AppData\Local\Programs\Python\Python311\Lib\site-packages\paddleocr\_pipelines\ocr.py", line 173, in __init__
    super().__init__(**base_params)
  File "C:\Users\AB-ADVOGADOS\AppData\Local\Programs\Python\Python311\Lib\site-packages\paddleocr\_pipelines\base.py", line 63, in __init__
    self._common_args = parse_common_args(
                        ^^^^^^^^^^^^^^^^^^
  File "C:\Users\AB-ADVOGADOS\AppData\Local\Programs\Python\Python311\Lib\site-packages\paddleocr\_common_args.py", line 54, in parse_common_args
    raise ValueError(f"Unknown argument: {name}")
ValueError: Unknown argument: unclip_ratio
31/07/2026 23:13:56 - ERROR - log_erro - Falha ao inicializar o motor PaddleOCR | Detalhe: Unknown argument: unclip_ratio
Traceback (most recent call last):
  File "C:\Users\AB-ADVOGADOS\Desktop\Converter .md\PADDLEOCR 2\PDF2MD_V2\ocr\manager.py", line 13, in inicializar_se_necessario
    self.motor = PaddleOCR(
                 ^^^^^^^^^^
  File "C:\Users\AB-ADVOGADOS\AppData\Local\Programs\Python\Python311\Lib\site-packages\paddleocr\_pipelines\ocr.py", line 173, in __init__
    super().__init__(**base_params)
  File "C:\Users\AB-ADVOGADOS\AppData\Local\Programs\Python\Python311\Lib\site-packages\paddleocr\_pipelines\base.py", line 63, in __init__
    self._common_args = parse_common_args(
                        ^^^^^^^^^^^^^^^^^^
  File "C:\Users\AB-ADVOGADOS\AppData\Local\Programs\Python\Python311\Lib\site-packages\paddleocr\_common_args.py", line 54, in parse_common_args
    raise ValueError(f"Unknown argument: {name}")
ValueError: Unknown argument: unclip_ratio
31/07/2026 23:13:56 - ERROR - log_erro - Falha ao inicializar o motor PaddleOCR | Detalhe: Unknown argument: unclip_ratio
Traceback (most recent call last):
  File "C:\Users\AB-ADVOGADOS\Desktop\Converter .md\PADDLEOCR 2\PDF2MD_V2\ocr\manager.py", line 13, in inicializar_se_necessario
    self.motor = PaddleOCR(
                 ^^^^^^^^^^
  File "C:\Users\AB-ADVOGADOS\AppData\Local\Programs\Python\Python311\Lib\site-packages\paddleocr\_pipelines\ocr.py", line 173, in __init__
    super().__init__(**base_params)
  File "C:\Users\AB-ADVOGADOS\AppData\Local\Programs\Python\Python311\Lib\site-packages\paddleocr\_pipelines\base.py", line 63, in __init__
    self._common_args = parse_common_args(
                        ^^^^^^^^^^^^^^^^^^
  File "C:\Users\AB-ADVOGADOS\AppData\Local\Programs\Python\Python311\Lib\site-packages\paddleocr\_common_args.py", line 54, in parse_common_args
    raise ValueError(f"Unknown argument: {name}")
ValueError: Unknown argument: unclip_ratio
31/07/2026 23:17:13 - ERROR - log_erro - Falha ao inicializar o motor PaddleOCR | Detalhe: Unknown argument: unclip_ratio
Traceback (most recent call last):
  File "C:\Users\AB-ADVOGADOS\Desktop\Converter .md\PADDLEOCR 2\PDF2MD_V2\ocr\manager.py", line 13, in inicializar_se_necessario
    self.motor = PaddleOCR(
                 ^^^^^^^^^^
  File "C:\Users\AB-ADVOGADOS\AppData\Local\Programs\Python\Python311\Lib\site-packages\paddleocr\_pipelines\ocr.py", line 173, in __init__
    super().__init__(**base_params)
  File "C:\Users\AB-ADVOGADOS\AppData\Local\Programs\Python\Python311\Lib\site-packages\paddleocr\_pipelines\base.py", line 63, in __init__
    self._common_args = parse_common_args(
                        ^^^^^^^^^^^^^^^^^^
  File "C:\Users\AB-ADVOGADOS\AppData\Local\Programs\Python\Python311\Lib\site-packages\paddleocr\_common_args.py", line 54, in parse_common_args
    raise ValueError(f"Unknown argument: {name}")
ValueError: Unknown argument: unclip_ratio
31/07/2026 23:17:26 - ERROR - log_erro - Falha ao inicializar o motor PaddleOCR | Detalhe: Unknown argument: unclip_ratio
Traceback (most recent call last):
  File "C:\Users\AB-ADVOGADOS\Desktop\Converter .md\PADDLEOCR 2\PDF2MD_V2\ocr\manager.py", line 13, in inicializar_se_necessario
    self.motor = PaddleOCR(
                 ^^^^^^^^^^
  File "C:\Users\AB-ADVOGADOS\AppData\Local\Programs\Python\Python311\Lib\site-packages\paddleocr\_pipelines\ocr.py", line 173, in __init__
    super().__init__(**base_params)
  File "C:\Users\AB-ADVOGADOS\AppData\Local\Programs\Python\Python311\Lib\site-packages\paddleocr\_pipelines\base.py", line 63, in __init__
    self._common_args = parse_common_args(
                        ^^^^^^^^^^^^^^^^^^
  File "C:\Users\AB-ADVOGADOS\AppData\Local\Programs\Python\Python311\Lib\site-packages\paddleocr\_common_args.py", line 54, in parse_common_args
    raise ValueError(f"Unknown argument: {name}")
ValueError: Unknown argument: unclip_ratio
31/07/2026 23:17:26 - ERROR - log_erro - Falha ao inicializar o motor PaddleOCR | Detalhe: Unknown argument: unclip_ratio
Traceback (most recent call last):
  File "C:\Users\AB-ADVOGADOS\Desktop\Converter .md\PADDLEOCR 2\PDF2MD_V2\ocr\manager.py", line 13, in inicializar_se_necessario
    self.motor = PaddleOCR(
                 ^^^^^^^^^^
  File "C:\Users\AB-ADVOGADOS\AppData\Local\Programs\Python\Python311\Lib\site-packages\paddleocr\_pipelines\ocr.py", line 173, in __init__
    super().__init__(**base_params)
  File "C:\Users\AB-ADVOGADOS\AppData\Local\Programs\Python\Python311\Lib\site-packages\paddleocr\_pipelines\base.py", line 63, in __init__
    self._common_args = parse_common_args(
                        ^^^^^^^^^^^^^^^^^^
  File "C:\Users\AB-ADVOGADOS\AppData\Local\Programs\Python\Python311\Lib\site-packages\paddleocr\_common_args.py", line 54, in parse_common_args
    raise ValueError(f"Unknown argument: {name}")
ValueError: Unknown argument: unclip_ratio
31/07/2026 23:17:26 - ERROR - log_erro - Falha ao inicializar o motor PaddleOCR | Detalhe: Unknown argument: unclip_ratio
Traceback (most recent call last):
  File "C:\Users\AB-ADVOGADOS\Desktop\Converter .md\PADDLEOCR 2\PDF2MD_V2\ocr\manager.py", line 13, in inicializar_se_necessario
    self.motor = PaddleOCR(
                 ^^^^^^^^^^
  File "C:\Users\AB-ADVOGADOS\AppData\Local\Programs\Python\Python311\Lib\site-packages\paddleocr\_pipelines\ocr.py", line 173, in __init__
    super().__init__(**base_params)
  File "C:\Users\AB-ADVOGADOS\AppData\Local\Programs\Python\Python311\Lib\site-packages\paddleocr\_pipelines\base.py", line 63, in __init__
    self._common_args = parse_common_args(
                        ^^^^^^^^^^^^^^^^^^
  File "C:\Users\AB-ADVOGADOS\AppData\Local\Programs\Python\Python311\Lib\site-packages\paddleocr\_common_args.py", line 54, in parse_common_args
    raise ValueError(f"Unknown argument: {name}")
ValueError: Unknown argument: unclip_ratio
31/07/2026 23:17:27 - ERROR - log_erro - Falha ao inicializar o motor PaddleOCR | Detalhe: Unknown argument: unclip_ratio
Traceback (most recent call last):
  File "C:\Users\AB-ADVOGADOS\Desktop\Converter .md\PADDLEOCR 2\PDF2MD_V2\ocr\manager.py", line 13, in inicializar_se_necessario
    self.motor = PaddleOCR(
                 ^^^^^^^^^^
  File "C:\Users\AB-ADVOGADOS\AppData\Local\Programs\Python\Python311\Lib\site-packages\paddleocr\_pipelines\ocr.py", line 173, in __init__
    super().__init__(**base_params)
  File "C:\Users\AB-ADVOGADOS\AppData\Local\Programs\Python\Python311\Lib\site-packages\paddleocr\_pipelines\base.py", line 63, in __init__
    self._common_args = parse_common_args(
                        ^^^^^^^^^^^^^^^^^^
  File "C:\Users\AB-ADVOGADOS\AppData\Local\Programs\Python\Python311\Lib\site-packages\paddleocr\_common_args.py", line 54, in parse_common_args
    raise ValueError(f"Unknown argument: {name}")
ValueError: Unknown argument: unclip_ratio
31/07/2026 23:17:27 - ERROR - log_erro - Falha ao inicializar o motor PaddleOCR | Detalhe: Unknown argument: unclip_ratio
Traceback (most recent call last):
  File "C:\Users\AB-ADVOGADOS\Desktop\Converter .md\PADDLEOCR 2\PDF2MD_V2\ocr\manager.py", line 13, in inicializar_se_necessario
    self.motor = PaddleOCR(
                 ^^^^^^^^^^
  File "C:\Users\AB-ADVOGADOS\AppData\Local\Programs\Python\Python311\Lib\site-packages\paddleocr\_pipelines\ocr.py", line 173, in __init__
    super().__init__(**base_params)
  File "C:\Users\AB-ADVOGADOS\AppData\Local\Programs\Python\Python311\Lib\site-packages\paddleocr\_pipelines\base.py", line 63, in __init__
    self._common_args = parse_common_args(
                        ^^^^^^^^^^^^^^^^^^
  File "C:\Users\AB-ADVOGADOS\AppData\Local\Programs\Python\Python311\Lib\site-packages\paddleocr\_common_args.py", line 54, in parse_common_args
    raise ValueError(f"Unknown argument: {name}")
ValueError: Unknown argument: unclip_ratio
31/07/2026 23:17:27 - ERROR - log_erro - Falha ao inicializar o motor PaddleOCR | Detalhe: Unknown argument: unclip_ratio
Traceback (most recent call last):
  File "C:\Users\AB-ADVOGADOS\Desktop\Converter .md\PADDLEOCR 2\PDF2MD_V2\ocr\manager.py", line 13, in inicializar_se_necessario
    self.motor = PaddleOCR(
                 ^^^^^^^^^^
  File "C:\Users\AB-ADVOGADOS\AppData\Local\Programs\Python\Python311\Lib\site-packages\paddleocr\_pipelines\ocr.py", line 173, in __init__
    super().__init__(**base_params)
  File "C:\Users\AB-ADVOGADOS\AppData\Local\Programs\Python\Python311\Lib\site-packages\paddleocr\_pipelines\base.py", line 63, in __init__
    self._common_args = parse_common_args(
                        ^^^^^^^^^^^^^^^^^^
  File "C:\Users\AB-ADVOGADOS\AppData\Local\Programs\Python\Python311\Lib\site-packages\paddleocr\_common_args.py", line 54, in parse_common_args
    raise ValueError(f"Unknown argument: {name}")
ValueError: Unknown argument: unclip_ratio
31/07/2026 23:17:27 - ERROR - log_erro - Falha ao inicializar o motor PaddleOCR | Detalhe: Unknown argument: unclip_ratio
Traceback (most recent call last):
  File "C:\Users\AB-ADVOGADOS\Desktop\Converter .md\PADDLEOCR 2\PDF2MD_V2\ocr\manager.py", line 13, in inicializar_se_necessario
    self.motor = PaddleOCR(
                 ^^^^^^^^^^
  File "C:\Users\AB-ADVOGADOS\AppData\Local\Programs\Python\Python311\Lib\site-packages\paddleocr\_pipelines\ocr.py", line 173, in __init__
    super().__init__(**base_params)
  File "C:\Users\AB-ADVOGADOS\AppData\Local\Programs\Python\Python311\Lib\site-packages\paddleocr\_pipelines\base.py", line 63, in __init__
    self._common_args = parse_common_args(
                        ^^^^^^^^^^^^^^^^^^
  File "C:\Users\AB-ADVOGADOS\AppData\Local\Programs\Python\Python311\Lib\site-packages\paddleocr\_common_args.py", line 54, in parse_common_args
    raise ValueError(f"Unknown argument: {name}")
ValueError: Unknown argument: unclip_ratio
31/07/2026 23:17:27 - ERROR - log_erro - Falha ao inicializar o motor PaddleOCR | Detalhe: Unknown argument: unclip_ratio
Traceback (most recent call last):
  File "C:\Users\AB-ADVOGADOS\Desktop\Converter .md\PADDLEOCR 2\PDF2MD_V2\ocr\manager.py", line 13, in inicializar_se_necessario
    self.motor = PaddleOCR(
                 ^^^^^^^^^^
  File "C:\Users\AB-ADVOGADOS\AppData\Local\Programs\Python\Python311\Lib\site-packages\paddleocr\_pipelines\ocr.py", line 173, in __init__
    super().__init__(**base_params)
  File "C:\Users\AB-ADVOGADOS\AppData\Local\Programs\Python\Python311\Lib\site-packages\paddleocr\_pipelines\base.py", line 63, in __init__
    self._common_args = parse_common_args(
                        ^^^^^^^^^^^^^^^^^^
  File "C:\Users\AB-ADVOGADOS\AppData\Local\Programs\Python\Python311\Lib\site-packages\paddleocr\_common_args.py", line 54, in parse_common_args
    raise ValueError(f"Unknown argument: {name}")
ValueError: Unknown argument: unclip_ratio
31/07/2026 23:17:27 - ERROR - log_erro - Falha ao inicializar o motor PaddleOCR | Detalhe: Unknown argument: unclip_ratio
Traceback (most recent call last):
  File "C:\Users\AB-ADVOGADOS\Desktop\Converter .md\PADDLEOCR 2\PDF2MD_V2\ocr\manager.py", line 13, in inicializar_se_necessario
    self.motor = PaddleOCR(
                 ^^^^^^^^^^
  File "C:\Users\AB-ADVOGADOS\AppData\Local\Programs\Python\Python311\Lib\site-packages\paddleocr\_pipelines\ocr.py", line 173, in __init__
    super().__init__(**base_params)
  File "C:\Users\AB-ADVOGADOS\AppData\Local\Programs\Python\Python311\Lib\site-packages\paddleocr\_pipelines\base.py", line 63, in __init__
    self._common_args = parse_common_args(
                        ^^^^^^^^^^^^^^^^^^
  File "C:\Users\AB-ADVOGADOS\AppData\Local\Programs\Python\Python311\Lib\site-packages\paddleocr\_common_args.py", line 54, in parse_common_args
    raise ValueError(f"Unknown argument: {name}")
ValueError: Unknown argument: unclip_ratio
31/07/2026 23:17:27 - ERROR - log_erro - Falha ao inicializar o motor PaddleOCR | Detalhe: Unknown argument: unclip_ratio
Traceback (most recent call last):
  File "C:\Users\AB-ADVOGADOS\Desktop\Converter .md\PADDLEOCR 2\PDF2MD_V2\ocr\manager.py", line 13, in inicializar_se_necessario
    self.motor = PaddleOCR(
                 ^^^^^^^^^^
  File "C:\Users\AB-ADVOGADOS\AppData\Local\Programs\Python\Python311\Lib\site-packages\paddleocr\_pipelines\ocr.py", line 173, in __init__
    super().__init__(**base_params)
  File "C:\Users\AB-ADVOGADOS\AppData\Local\Programs\Python\Python311\Lib\site-packages\paddleocr\_pipelines\base.py", line 63, in __init__
    self._common_args = parse_common_args(
                        ^^^^^^^^^^^^^^^^^^
  File "C:\Users\AB-ADVOGADOS\AppData\Local\Programs\Python\Python311\Lib\site-packages\paddleocr\_common_args.py", line 54, in parse_common_args
    raise ValueError(f"Unknown argument: {name}")
ValueError: Unknown argument: unclip_ratio
31/07/2026 23:17:27 - ERROR - log_erro - Falha ao inicializar o motor PaddleOCR | Detalhe: Unknown argument: unclip_ratio
Traceback (most recent call last):
  File "C:\Users\AB-ADVOGADOS\Desktop\Converter .md\PADDLEOCR 2\PDF2MD_V2\ocr\manager.py", line 13, in inicializar_se_necessario
    self.motor = PaddleOCR(
                 ^^^^^^^^^^
  File "C:\Users\AB-ADVOGADOS\AppData\Local\Programs\Python\Python311\Lib\site-packages\paddleocr\_pipelines\ocr.py", line 173, in __init__
    super().__init__(**base_params)
  File "C:\Users\AB-ADVOGADOS\AppData\Local\Programs\Python\Python311\Lib\site-packages\paddleocr\_pipelines\base.py", line 63, in __init__
    self._common_args = parse_common_args(
                        ^^^^^^^^^^^^^^^^^^
  File "C:\Users\AB-ADVOGADOS\AppData\Local\Programs\Python\Python311\Lib\site-packages\paddleocr\_common_args.py", line 54, in parse_common_args
    raise ValueError(f"Unknown argument: {name}")
ValueError: Unknown argument: unclip_ratio
31/07/2026 23:17:27 - ERROR - log_erro - Falha ao inicializar o motor PaddleOCR | Detalhe: Unknown argument: unclip_ratio
Traceback (most recent call last):
  File "C:\Users\AB-ADVOGADOS\Desktop\Converter .md\PADDLEOCR 2\PDF2MD_V2\ocr\manager.py", line 13, in inicializar_se_necessario
    self.motor = PaddleOCR(
                 ^^^^^^^^^^
  File "C:\Users\AB-ADVOGADOS\AppData\Local\Programs\Python\Python311\Lib\site-packages\paddleocr\_pipelines\ocr.py", line 173, in __init__
    super().__init__(**base_params)
  File "C:\Users\AB-ADVOGADOS\AppData\Local\Programs\Python\Python311\Lib\site-packages\paddleocr\_pipelines\base.py", line 63, in __init__
    self._common_args = parse_common_args(
                        ^^^^^^^^^^^^^^^^^^
  File "C:\Users\AB-ADVOGADOS\AppData\Local\Programs\Python\Python311\Lib\site-packages\paddleocr\_common_args.py", line 54, in parse_common_args
    raise ValueError(f"Unknown argument: {name}")
ValueError: Unknown argument: unclip_ratio
31/07/2026 23:17:27 - ERROR - log_erro - Falha ao inicializar o motor PaddleOCR | Detalhe: Unknown argument: unclip_ratio
Traceback (most recent call last):
  File "C:\Users\AB-ADVOGADOS\Desktop\Converter .md\PADDLEOCR 2\PDF2MD_V2\ocr\manager.py", line 13, in inicializar_se_necessario
    self.motor = PaddleOCR(
                 ^^^^^^^^^^
  File "C:\Users\AB-ADVOGADOS\AppData\Local\Programs\Python\Python311\Lib\site-packages\paddleocr\_pipelines\ocr.py", line 173, in __init__
    super().__init__(**base_params)
  File "C:\Users\AB-ADVOGADOS\AppData\Local\Programs\Python\Python311\Lib\site-packages\paddleocr\_pipelines\base.py", line 63, in __init__
    self._common_args = parse_common_args(
                        ^^^^^^^^^^^^^^^^^^
  File "C:\Users\AB-ADVOGADOS\AppData\Local\Programs\Python\Python311\Lib\site-packages\paddleocr\_common_args.py", line 54, in parse_common_args
    raise ValueError(f"Unknown argument: {name}")
ValueError: Unknown argument: unclip_ratio
31/07/2026 23:17:27 - ERROR - log_erro - Falha ao inicializar o motor PaddleOCR | Detalhe: Unknown argument: unclip_ratio
Traceback (most recent call last):
  File "C:\Users\AB-ADVOGADOS\Desktop\Converter .md\PADDLEOCR 2\PDF2MD_V2\ocr\manager.py", line 13, in inicializar_se_necessario
    self.motor = PaddleOCR(
                 ^^^^^^^^^^
  File "C:\Users\AB-ADVOGADOS\AppData\Local\Programs\Python\Python311\Lib\site-packages\paddleocr\_pipelines\ocr.py", line 173, in __init__
    super().__init__(**base_params)
  File "C:\Users\AB-ADVOGADOS\AppData\Local\Programs\Python\Python311\Lib\site-packages\paddleocr\_pipelines\base.py", line 63, in __init__
    self._common_args = parse_common_args(
                        ^^^^^^^^^^^^^^^^^^
  File "C:\Users\AB-ADVOGADOS\AppData\Local\Programs\Python\Python311\Lib\site-packages\paddleocr\_common_args.py", line 54, in parse_common_args
    raise ValueError(f"Unknown argument: {name}")
ValueError: Unknown argument: unclip_ratio
31/07/2026 23:17:27 - ERROR - log_erro - Falha ao inicializar o motor PaddleOCR | Detalhe: Unknown argument: unclip_ratio
Traceback (most recent call last):
  File "C:\Users\AB-ADVOGADOS\Desktop\Converter .md\PADDLEOCR 2\PDF2MD_V2\ocr\manager.py", line 13, in inicializar_se_necessario
    self.motor = PaddleOCR(
                 ^^^^^^^^^^
  File "C:\Users\AB-ADVOGADOS\AppData\Local\Programs\Python\Python311\Lib\site-packages\paddleocr\_pipelines\ocr.py", line 173, in __init__
    super().__init__(**base_params)
  File "C:\Users\AB-ADVOGADOS\AppData\Local\Programs\Python\Python311\Lib\site-packages\paddleocr\_pipelines\base.py", line 63, in __init__
    self._common_args = parse_common_args(
                        ^^^^^^^^^^^^^^^^^^
  File "C:\Users\AB-ADVOGADOS\AppData\Local\Programs\Python\Python311\Lib\site-packages\paddleocr\_common_args.py", line 54, in parse_common_args
    raise ValueError(f"Unknown argument: {name}")
ValueError: Unknown argument: unclip_ratio
31/07/2026 23:17:27 - ERROR - log_erro - Falha ao inicializar o motor PaddleOCR | Detalhe: Unknown argument: unclip_ratio
Traceback (most recent call last):
  File "C:\Users\AB-ADVOGADOS\Desktop\Converter .md\PADDLEOCR 2\PDF2MD_V2\ocr\manager.py", line 13, in inicializar_se_necessario
    self.motor = PaddleOCR(
                 ^^^^^^^^^^
  File "C:\Users\AB-ADVOGADOS\AppData\Local\Programs\Python\Python311\Lib\site-packages\paddleocr\_pipelines\ocr.py", line 173, in __init__
    super().__init__(**base_params)
  File "C:\Users\AB-ADVOGADOS\AppData\Local\Programs\Python\Python311\Lib\site-packages\paddleocr\_pipelines\base.py", line 63, in __init__
    self._common_args = parse_common_args(
                        ^^^^^^^^^^^^^^^^^^
  File "C:\Users\AB-ADVOGADOS\AppData\Local\Programs\Python\Python311\Lib\site-packages\paddleocr\_common_args.py", line 54, in parse_common_args
    raise ValueError(f"Unknown argument: {name}")
ValueError: Unknown argument: unclip_ratio
31/07/2026 23:17:27 - ERROR - log_erro - Falha ao inicializar o motor PaddleOCR | Detalhe: Unknown argument: unclip_ratio
Traceback (most recent call last):
  File "C:\Users\AB-ADVOGADOS\Desktop\Converter .md\PADDLEOCR 2\PDF2MD_V2\ocr\manager.py", line 13, in inicializar_se_necessario
    self.motor = PaddleOCR(
                 ^^^^^^^^^^
  File "C:\Users\AB-ADVOGADOS\AppData\Local\Programs\Python\Python311\Lib\site-packages\paddleocr\_pipelines\ocr.py", line 173, in __init__
    super().__init__(**base_params)
  File "C:\Users\AB-ADVOGADOS\AppData\Local\Programs\Python\Python311\Lib\site-packages\paddleocr\_pipelines\base.py", line 63, in __init__
    self._common_args = parse_common_args(
                        ^^^^^^^^^^^^^^^^^^
  File "C:\Users\AB-ADVOGADOS\AppData\Local\Programs\Python\Python311\Lib\site-packages\paddleocr\_common_args.py", line 54, in parse_common_args
    raise ValueError(f"Unknown argument: {name}")
ValueError: Unknown argument: unclip_ratio
31/07/2026 23:26:39 - ERROR - log_erro - Falha ao inicializar o motor PaddleOCR | Detalhe: Unknown argument: unclip_ratio
Traceback (most recent call last):
  File "C:\Users\AB-ADVOGADOS\Desktop\Converter .md\PADDLEOCR 2\PDF2MD_V2\ocr\manager.py", line 13, in inicializar_se_necessario
    self.motor = PaddleOCR(
                 ^^^^^^^^^^
  File "C:\Users\AB-ADVOGADOS\AppData\Local\Programs\Python\Python311\Lib\site-packages\paddleocr\_pipelines\ocr.py", line 173, in __init__
    super().__init__(**base_params)
  File "C:\Users\AB-ADVOGADOS\AppData\Local\Programs\Python\Python311\Lib\site-packages\paddleocr\_pipelines\base.py", line 63, in __init__
    self._common_args = parse_common_args(
                        ^^^^^^^^^^^^^^^^^^
  File "C:\Users\AB-ADVOGADOS\AppData\Local\Programs\Python\Python311\Lib\site-packages\paddleocr\_common_args.py", line 54, in parse_common_args
    raise ValueError(f"Unknown argument: {name}")
ValueError: Unknown argument: unclip_ratio
31/07/2026 23:26:53 - ERROR - log_erro - Falha ao inicializar o motor PaddleOCR | Detalhe: Unknown argument: unclip_ratio
Traceback (most recent call last):
  File "C:\Users\AB-ADVOGADOS\Desktop\Converter .md\PADDLEOCR 2\PDF2MD_V2\ocr\manager.py", line 13, in inicializar_se_necessario
    self.motor = PaddleOCR(
                 ^^^^^^^^^^
  File "C:\Users\AB-ADVOGADOS\AppData\Local\Programs\Python\Python311\Lib\site-packages\paddleocr\_pipelines\ocr.py", line 173, in __init__
    super().__init__(**base_params)
  File "C:\Users\AB-ADVOGADOS\AppData\Local\Programs\Python\Python311\Lib\site-packages\paddleocr\_pipelines\base.py", line 63, in __init__
    self._common_args = parse_common_args(
                        ^^^^^^^^^^^^^^^^^^
  File "C:\Users\AB-ADVOGADOS\AppData\Local\Programs\Python\Python311\Lib\site-packages\paddleocr\_common_args.py", line 54, in parse_common_args
    raise ValueError(f"Unknown argument: {name}")
ValueError: Unknown argument: unclip_ratio
31/07/2026 23:26:53 - ERROR - log_erro - Falha ao inicializar o motor PaddleOCR | Detalhe: Unknown argument: unclip_ratio
Traceback (most recent call last):
  File "C:\Users\AB-ADVOGADOS\Desktop\Converter .md\PADDLEOCR 2\PDF2MD_V2\ocr\manager.py", line 13, in inicializar_se_necessario
    self.motor = PaddleOCR(
                 ^^^^^^^^^^
  File "C:\Users\AB-ADVOGADOS\AppData\Local\Programs\Python\Python311\Lib\site-packages\paddleocr\_pipelines\ocr.py", line 173, in __init__
    super().__init__(**base_params)
  File "C:\Users\AB-ADVOGADOS\AppData\Local\Programs\Python\Python311\Lib\site-packages\paddleocr\_pipelines\base.py", line 63, in __init__
    self._common_args = parse_common_args(
                        ^^^^^^^^^^^^^^^^^^
  File "C:\Users\AB-ADVOGADOS\AppData\Local\Programs\Python\Python311\Lib\site-packages\paddleocr\_common_args.py", line 54, in parse_common_args
    raise ValueError(f"Unknown argument: {name}")
ValueError: Unknown argument: unclip_ratio
31/07/2026 23:26:53 - ERROR - log_erro - Falha ao inicializar o motor PaddleOCR | Detalhe: Unknown argument: unclip_ratio
Traceback (most recent call last):
  File "C:\Users\AB-ADVOGADOS\Desktop\Converter .md\PADDLEOCR 2\PDF2MD_V2\ocr\manager.py", line 13, in inicializar_se_necessario
    self.motor = PaddleOCR(
                 ^^^^^^^^^^
  File "C:\Users\AB-ADVOGADOS\AppData\Local\Programs\Python\Python311\Lib\site-packages\paddleocr\_pipelines\ocr.py", line 173, in __init__
    super().__init__(**base_params)
  File "C:\Users\AB-ADVOGADOS\AppData\Local\Programs\Python\Python311\Lib\site-packages\paddleocr\_pipelines\base.py", line 63, in __init__
    self._common_args = parse_common_args(
                        ^^^^^^^^^^^^^^^^^^
  File "C:\Users\AB-ADVOGADOS\AppData\Local\Programs\Python\Python311\Lib\site-packages\paddleocr\_common_args.py", line 54, in parse_common_args
    raise ValueError(f"Unknown argument: {name}")
ValueError: Unknown argument: unclip_ratio
31/07/2026 23:26:53 - ERROR - log_erro - Falha ao inicializar o motor PaddleOCR | Detalhe: Unknown argument: unclip_ratio
Traceback (most recent call last):
  File "C:\Users\AB-ADVOGADOS\Desktop\Converter .md\PADDLEOCR 2\PDF2MD_V2\ocr\manager.py", line 13, in inicializar_se_necessario
    self.motor = PaddleOCR(
                 ^^^^^^^^^^
  File "C:\Users\AB-ADVOGADOS\AppData\Local\Programs\Python\Python311\Lib\site-packages\paddleocr\_pipelines\ocr.py", line 173, in __init__
    super().__init__(**base_params)
  File "C:\Users\AB-ADVOGADOS\AppData\Local\Programs\Python\Python311\Lib\site-packages\paddleocr\_pipelines\base.py", line 63, in __init__
    self._common_args = parse_common_args(
                        ^^^^^^^^^^^^^^^^^^
  File "C:\Users\AB-ADVOGADOS\AppData\Local\Programs\Python\Python311\Lib\site-packages\paddleocr\_common_args.py", line 54, in parse_common_args
    raise ValueError(f"Unknown argument: {name}")
ValueError: Unknown argument: unclip_ratio
31/07/2026 23:26:53 - ERROR - log_erro - Falha ao inicializar o motor PaddleOCR | Detalhe: Unknown argument: unclip_ratio
Traceback (most recent call last):
  File "C:\Users\AB-ADVOGADOS\Desktop\Converter .md\PADDLEOCR 2\PDF2MD_V2\ocr\manager.py", line 13, in inicializar_se_necessario
    self.motor = PaddleOCR(
                 ^^^^^^^^^^
  File "C:\Users\AB-ADVOGADOS\AppData\Local\Programs\Python\Python311\Lib\site-packages\paddleocr\_pipelines\ocr.py", line 173, in __init__
    super().__init__(**base_params)
  File "C:\Users\AB-ADVOGADOS\AppData\Local\Programs\Python\Python311\Lib\site-packages\paddleocr\_pipelines\base.py", line 63, in __init__
    self._common_args = parse_common_args(
                        ^^^^^^^^^^^^^^^^^^
  File "C:\Users\AB-ADVOGADOS\AppData\Local\Programs\Python\Python311\Lib\site-packages\paddleocr\_common_args.py", line 54, in parse_common_args
    raise ValueError(f"Unknown argument: {name}")
ValueError: Unknown argument: unclip_ratio
31/07/2026 23:26:53 - ERROR - log_erro - Falha ao inicializar o motor PaddleOCR | Detalhe: Unknown argument: unclip_ratio
Traceback (most recent call last):
  File "C:\Users\AB-ADVOGADOS\Desktop\Converter .md\PADDLEOCR 2\PDF2MD_V2\ocr\manager.py", line 13, in inicializar_se_necessario
    self.motor = PaddleOCR(
                 ^^^^^^^^^^
  File "C:\Users\AB-ADVOGADOS\AppData\Local\Programs\Python\Python311\Lib\site-packages\paddleocr\_pipelines\ocr.py", line 173, in __init__
    super().__init__(**base_params)
  File "C:\Users\AB-ADVOGADOS\AppData\Local\Programs\Python\Python311\Lib\site-packages\paddleocr\_pipelines\base.py", line 63, in __init__
    self._common_args = parse_common_args(
                        ^^^^^^^^^^^^^^^^^^
  File "C:\Users\AB-ADVOGADOS\AppData\Local\Programs\Python\Python311\Lib\site-packages\paddleocr\_common_args.py", line 54, in parse_common_args
    raise ValueError(f"Unknown argument: {name}")
ValueError: Unknown argument: unclip_ratio
31/07/2026 23:26:53 - ERROR - log_erro - Falha ao inicializar o motor PaddleOCR | Detalhe: Unknown argument: unclip_ratio
Traceback (most recent call last):
  File "C:\Users\AB-ADVOGADOS\Desktop\Converter .md\PADDLEOCR 2\PDF2MD_V2\ocr\manager.py", line 13, in inicializar_se_necessario
    self.motor = PaddleOCR(
                 ^^^^^^^^^^
  File "C:\Users\AB-ADVOGADOS\AppData\Local\Programs\Python\Python311\Lib\site-packages\paddleocr\_pipelines\ocr.py", line 173, in __init__
    super().__init__(**base_params)
  File "C:\Users\AB-ADVOGADOS\AppData\Local\Programs\Python\Python311\Lib\site-packages\paddleocr\_pipelines\base.py", line 63, in __init__
    self._common_args = parse_common_args(
                        ^^^^^^^^^^^^^^^^^^
  File "C:\Users\AB-ADVOGADOS\AppData\Local\Programs\Python\Python311\Lib\site-packages\paddleocr\_common_args.py", line 54, in parse_common_args
    raise ValueError(f"Unknown argument: {name}")
ValueError: Unknown argument: unclip_ratio
31/07/2026 23:26:53 - ERROR - log_erro - Falha ao inicializar o motor PaddleOCR | Detalhe: Unknown argument: unclip_ratio
Traceback (most recent call last):
  File "C:\Users\AB-ADVOGADOS\Desktop\Converter .md\PADDLEOCR 2\PDF2MD_V2\ocr\manager.py", line 13, in inicializar_se_necessario
    self.motor = PaddleOCR(
                 ^^^^^^^^^^
  File "C:\Users\AB-ADVOGADOS\AppData\Local\Programs\Python\Python311\Lib\site-packages\paddleocr\_pipelines\ocr.py", line 173, in __init__
    super().__init__(**base_params)
  File "C:\Users\AB-ADVOGADOS\AppData\Local\Programs\Python\Python311\Lib\site-packages\paddleocr\_pipelines\base.py", line 63, in __init__
    self._common_args = parse_common_args(
                        ^^^^^^^^^^^^^^^^^^
  File "C:\Users\AB-ADVOGADOS\AppData\Local\Programs\Python\Python311\Lib\site-packages\paddleocr\_common_args.py", line 54, in parse_common_args
    raise ValueError(f"Unknown argument: {name}")
ValueError: Unknown argument: unclip_ratio
31/07/2026 23:26:53 - ERROR - log_erro - Falha ao inicializar o motor PaddleOCR | Detalhe: Unknown argument: unclip_ratio
Traceback (most recent call last):
  File "C:\Users\AB-ADVOGADOS\Desktop\Converter .md\PADDLEOCR 2\PDF2MD_V2\ocr\manager.py", line 13, in inicializar_se_necessario
    self.motor = PaddleOCR(
                 ^^^^^^^^^^
  File "C:\Users\AB-ADVOGADOS\AppData\Local\Programs\Python\Python311\Lib\site-packages\paddleocr\_pipelines\ocr.py", line 173, in __init__
    super().__init__(**base_params)
  File "C:\Users\AB-ADVOGADOS\AppData\Local\Programs\Python\Python311\Lib\site-packages\paddleocr\_pipelines\base.py", line 63, in __init__
    self._common_args = parse_common_args(
                        ^^^^^^^^^^^^^^^^^^
  File "C:\Users\AB-ADVOGADOS\AppData\Local\Programs\Python\Python311\Lib\site-packages\paddleocr\_common_args.py", line 54, in parse_common_args
    raise ValueError(f"Unknown argument: {name}")
ValueError: Unknown argument: unclip_ratio
31/07/2026 23:26:53 - ERROR - log_erro - Falha ao inicializar o motor PaddleOCR | Detalhe: Unknown argument: unclip_ratio
Traceback (most recent call last):
  File "C:\Users\AB-ADVOGADOS\Desktop\Converter .md\PADDLEOCR 2\PDF2MD_V2\ocr\manager.py", line 13, in inicializar_se_necessario
    self.motor = PaddleOCR(
                 ^^^^^^^^^^
  File "C:\Users\AB-ADVOGADOS\AppData\Local\Programs\Python\Python311\Lib\site-packages\paddleocr\_pipelines\ocr.py", line 173, in __init__
    super().__init__(**base_params)
  File "C:\Users\AB-ADVOGADOS\AppData\Local\Programs\Python\Python311\Lib\site-packages\paddleocr\_pipelines\base.py", line 63, in __init__
    self._common_args = parse_common_args(
                        ^^^^^^^^^^^^^^^^^^
  File "C:\Users\AB-ADVOGADOS\AppData\Local\Programs\Python\Python311\Lib\site-packages\paddleocr\_common_args.py", line 54, in parse_common_args
    raise ValueError(f"Unknown argument: {name}")
ValueError: Unknown argument: unclip_ratio
31/07/2026 23:26:53 - ERROR - log_erro - Falha ao inicializar o motor PaddleOCR | Detalhe: Unknown argument: unclip_ratio
Traceback (most recent call last):
  File "C:\Users\AB-ADVOGADOS\Desktop\Converter .md\PADDLEOCR 2\PDF2MD_V2\ocr\manager.py", line 13, in inicializar_se_necessario
    self.motor = PaddleOCR(
                 ^^^^^^^^^^
  File "C:\Users\AB-ADVOGADOS\AppData\Local\Programs\Python\Python311\Lib\site-packages\paddleocr\_pipelines\ocr.py", line 173, in __init__
    super().__init__(**base_params)
  File "C:\Users\AB-ADVOGADOS\AppData\Local\Programs\Python\Python311\Lib\site-packages\paddleocr\_pipelines\base.py", line 63, in __init__
    self._common_args = parse_common_args(
                        ^^^^^^^^^^^^^^^^^^
  File "C:\Users\AB-ADVOGADOS\AppData\Local\Programs\Python\Python311\Lib\site-packages\paddleocr\_common_args.py", line 54, in parse_common_args
    raise ValueError(f"Unknown argument: {name}")
ValueError: Unknown argument: unclip_ratio
31/07/2026 23:26:53 - ERROR - log_erro - Falha ao inicializar o motor PaddleOCR | Detalhe: Unknown argument: unclip_ratio
Traceback (most recent call last):
  File "C:\Users\AB-ADVOGADOS\Desktop\Converter .md\PADDLEOCR 2\PDF2MD_V2\ocr\manager.py", line 13, in inicializar_se_necessario
    self.motor = PaddleOCR(
                 ^^^^^^^^^^
  File "C:\Users\AB-ADVOGADOS\AppData\Local\Programs\Python\Python311\Lib\site-packages\paddleocr\_pipelines\ocr.py", line 173, in __init__
    super().__init__(**base_params)
  File "C:\Users\AB-ADVOGADOS\AppData\Local\Programs\Python\Python311\Lib\site-packages\paddleocr\_pipelines\base.py", line 63, in __init__
    self._common_args = parse_common_args(
                        ^^^^^^^^^^^^^^^^^^
  File "C:\Users\AB-ADVOGADOS\AppData\Local\Programs\Python\Python311\Lib\site-packages\paddleocr\_common_args.py", line 54, in parse_common_args
    raise ValueError(f"Unknown argument: {name}")
ValueError: Unknown argument: unclip_ratio
31/07/2026 23:26:53 - ERROR - log_erro - Falha ao inicializar o motor PaddleOCR | Detalhe: Unknown argument: unclip_ratio
Traceback (most recent call last):
  File "C:\Users\AB-ADVOGADOS\Desktop\Converter .md\PADDLEOCR 2\PDF2MD_V2\ocr\manager.py", line 13, in inicializar_se_necessario
    self.motor = PaddleOCR(
                 ^^^^^^^^^^
  File "C:\Users\AB-ADVOGADOS\AppData\Local\Programs\Python\Python311\Lib\site-packages\paddleocr\_pipelines\ocr.py", line 173, in __init__
    super().__init__(**base_params)
  File "C:\Users\AB-ADVOGADOS\AppData\Local\Programs\Python\Python311\Lib\site-packages\paddleocr\_pipelines\base.py", line 63, in __init__
    self._common_args = parse_common_args(
                        ^^^^^^^^^^^^^^^^^^
  File "C:\Users\AB-ADVOGADOS\AppData\Local\Programs\Python\Python311\Lib\site-packages\paddleocr\_common_args.py", line 54, in parse_common_args
    raise ValueError(f"Unknown argument: {name}")
ValueError: Unknown argument: unclip_ratio
31/07/2026 23:26:53 - ERROR - log_erro - Falha ao inicializar o motor PaddleOCR | Detalhe: Unknown argument: unclip_ratio
Traceback (most recent call last):
  File "C:\Users\AB-ADVOGADOS\Desktop\Converter .md\PADDLEOCR 2\PDF2MD_V2\ocr\manager.py", line 13, in inicializar_se_necessario
    self.motor = PaddleOCR(
                 ^^^^^^^^^^
  File "C:\Users\AB-ADVOGADOS\AppData\Local\Programs\Python\Python311\Lib\site-packages\paddleocr\_pipelines\ocr.py", line 173, in __init__
    super().__init__(**base_params)
  File "C:\Users\AB-ADVOGADOS\AppData\Local\Programs\Python\Python311\Lib\site-packages\paddleocr\_pipelines\base.py", line 63, in __init__
    self._common_args = parse_common_args(
                        ^^^^^^^^^^^^^^^^^^
  File "C:\Users\AB-ADVOGADOS\AppData\Local\Programs\Python\Python311\Lib\site-packages\paddleocr\_common_args.py", line 54, in parse_common_args
    raise ValueError(f"Unknown argument: {name}")
ValueError: Unknown argument: unclip_ratio
31/07/2026 23:26:53 - ERROR - log_erro - Falha ao inicializar o motor PaddleOCR | Detalhe: Unknown argument: unclip_ratio
Traceback (most recent call last):
  File "C:\Users\AB-ADVOGADOS\Desktop\Converter .md\PADDLEOCR 2\PDF2MD_V2\ocr\manager.py", line 13, in inicializar_se_necessario
    self.motor = PaddleOCR(
                 ^^^^^^^^^^
  File "C:\Users\AB-ADVOGADOS\AppData\Local\Programs\Python\Python311\Lib\site-packages\paddleocr\_pipelines\ocr.py", line 173, in __init__
    super().__init__(**base_params)
  File "C:\Users\AB-ADVOGADOS\AppData\Local\Programs\Python\Python311\Lib\site-packages\paddleocr\_pipelines\base.py", line 63, in __init__
    self._common_args = parse_common_args(
                        ^^^^^^^^^^^^^^^^^^
  File "C:\Users\AB-ADVOGADOS\AppData\Local\Programs\Python\Python311\Lib\site-packages\paddleocr\_common_args.py", line 54, in parse_common_args
    raise ValueError(f"Unknown argument: {name}")
ValueError: Unknown argument: unclip_ratio
31/07/2026 23:26:53 - ERROR - log_erro - Falha ao inicializar o motor PaddleOCR | Detalhe: Unknown argument: unclip_ratio
Traceback (most recent call last):
  File "C:\Users\AB-ADVOGADOS\Desktop\Converter .md\PADDLEOCR 2\PDF2MD_V2\ocr\manager.py", line 13, in inicializar_se_necessario
    self.motor = PaddleOCR(
                 ^^^^^^^^^^
  File "C:\Users\AB-ADVOGADOS\AppData\Local\Programs\Python\Python311\Lib\site-packages\paddleocr\_pipelines\ocr.py", line 173, in __init__
    super().__init__(**base_params)
  File "C:\Users\AB-ADVOGADOS\AppData\Local\Programs\Python\Python311\Lib\site-packages\paddleocr\_pipelines\base.py", line 63, in __init__
    self._common_args = parse_common_args(
                        ^^^^^^^^^^^^^^^^^^
  File "C:\Users\AB-ADVOGADOS\AppData\Local\Programs\Python\Python311\Lib\site-packages\paddleocr\_common_args.py", line 54, in parse_common_args
    raise ValueError(f"Unknown argument: {name}")
ValueError: Unknown argument: unclip_ratio
31/07/2026 23:26:54 - ERROR - log_erro - Falha ao inicializar o motor PaddleOCR | Detalhe: Unknown argument: unclip_ratio
Traceback (most recent call last):
  File "C:\Users\AB-ADVOGADOS\Desktop\Converter .md\PADDLEOCR 2\PDF2MD_V2\ocr\manager.py", line 13, in inicializar_se_necessario
    self.motor = PaddleOCR(
                 ^^^^^^^^^^
  File "C:\Users\AB-ADVOGADOS\AppData\Local\Programs\Python\Python311\Lib\site-packages\paddleocr\_pipelines\ocr.py", line 173, in __init__
    super().__init__(**base_params)
  File "C:\Users\AB-ADVOGADOS\AppData\Local\Programs\Python\Python311\Lib\site-packages\paddleocr\_pipelines\base.py", line 63, in __init__
    self._common_args = parse_common_args(
                        ^^^^^^^^^^^^^^^^^^
  File "C:\Users\AB-ADVOGADOS\AppData\Local\Programs\Python\Python311\Lib\site-packages\paddleocr\_common_args.py", line 54, in parse_common_args
    raise ValueError(f"Unknown argument: {name}")
ValueError: Unknown argument: unclip_ratio
31/07/2026 23:28:31 - ERROR - log_erro - Falha ao inicializar o motor PaddleOCR | Detalhe: Unknown argument: unclip_ratio
Traceback (most recent call last):
  File "C:\Users\AB-ADVOGADOS\Desktop\Converter .md\PADDLEOCR 2\PDF2MD_V2\ocr\manager.py", line 13, in inicializar_se_necessario
    self.motor = PaddleOCR(
                 ^^^^^^^^^^
  File "C:\Users\AB-ADVOGADOS\AppData\Local\Programs\Python\Python311\Lib\site-packages\paddleocr\_pipelines\ocr.py", line 173, in __init__
    super().__init__(**base_params)
  File "C:\Users\AB-ADVOGADOS\AppData\Local\Programs\Python\Python311\Lib\site-packages\paddleocr\_pipelines\base.py", line 63, in __init__
    self._common_args = parse_common_args(
                        ^^^^^^^^^^^^^^^^^^
  File "C:\Users\AB-ADVOGADOS\AppData\Local\Programs\Python\Python311\Lib\site-packages\paddleocr\_common_args.py", line 54, in parse_common_args
    raise ValueError(f"Unknown argument: {name}")
ValueError: Unknown argument: unclip_ratio
31/07/2026 23:28:32 - ERROR - log_erro - Falha ao inicializar o motor PaddleOCR | Detalhe: Unknown argument: unclip_ratio
Traceback (most recent call last):
  File "C:\Users\AB-ADVOGADOS\Desktop\Converter .md\PADDLEOCR 2\PDF2MD_V2\ocr\manager.py", line 13, in inicializar_se_necessario
    self.motor = PaddleOCR(
                 ^^^^^^^^^^
  File "C:\Users\AB-ADVOGADOS\AppData\Local\Programs\Python\Python311\Lib\site-packages\paddleocr\_pipelines\ocr.py", line 173, in __init__
    super().__init__(**base_params)
  File "C:\Users\AB-ADVOGADOS\AppData\Local\Programs\Python\Python311\Lib\site-packages\paddleocr\_pipelines\base.py", line 63, in __init__
    self._common_args = parse_common_args(
                        ^^^^^^^^^^^^^^^^^^
  File "C:\Users\AB-ADVOGADOS\AppData\Local\Programs\Python\Python311\Lib\site-packages\paddleocr\_common_args.py", line 54, in parse_common_args
    raise ValueError(f"Unknown argument: {name}")
ValueError: Unknown argument: unclip_ratio
31/07/2026 23:28:33 - ERROR - log_erro - Falha ao inicializar o motor PaddleOCR | Detalhe: Unknown argument: unclip_ratio
Traceback (most recent call last):
  File "C:\Users\AB-ADVOGADOS\Desktop\Converter .md\PADDLEOCR 2\PDF2MD_V2\ocr\manager.py", line 13, in inicializar_se_necessario
    self.motor = PaddleOCR(
                 ^^^^^^^^^^
  File "C:\Users\AB-ADVOGADOS\AppData\Local\Programs\Python\Python311\Lib\site-packages\paddleocr\_pipelines\ocr.py", line 173, in __init__
    super().__init__(**base_params)
  File "C:\Users\AB-ADVOGADOS\AppData\Local\Programs\Python\Python311\Lib\site-packages\paddleocr\_pipelines\base.py", line 63, in __init__
    self._common_args = parse_common_args(
                        ^^^^^^^^^^^^^^^^^^
  File "C:\Users\AB-ADVOGADOS\AppData\Local\Programs\Python\Python311\Lib\site-packages\paddleocr\_common_args.py", line 54, in parse_common_args
    raise ValueError(f"Unknown argument: {name}")
ValueError: Unknown argument: unclip_ratio
31/07/2026 23:28:33 - ERROR - log_erro - Falha ao inicializar o motor PaddleOCR | Detalhe: Unknown argument: unclip_ratio
Traceback (most recent call last):
  File "C:\Users\AB-ADVOGADOS\Desktop\Converter .md\PADDLEOCR 2\PDF2MD_V2\ocr\manager.py", line 13, in inicializar_se_necessario
    self.motor = PaddleOCR(
                 ^^^^^^^^^^
  File "C:\Users\AB-ADVOGADOS\AppData\Local\Programs\Python\Python311\Lib\site-packages\paddleocr\_pipelines\ocr.py", line 173, in __init__
    super().__init__(**base_params)
  File "C:\Users\AB-ADVOGADOS\AppData\Local\Programs\Python\Python311\Lib\site-packages\paddleocr\_pipelines\base.py", line 63, in __init__
    self._common_args = parse_common_args(
                        ^^^^^^^^^^^^^^^^^^
  File "C:\Users\AB-ADVOGADOS\AppData\Local\Programs\Python\Python311\Lib\site-packages\paddleocr\_common_args.py", line 54, in parse_common_args
    raise ValueError(f"Unknown argument: {name}")
ValueError: Unknown argument: unclip_ratio
31/07/2026 23:28:34 - ERROR - log_erro - Falha ao inicializar o motor PaddleOCR | Detalhe: Unknown argument: unclip_ratio
Traceback (most recent call last):
  File "C:\Users\AB-ADVOGADOS\Desktop\Converter .md\PADDLEOCR 2\PDF2MD_V2\ocr\manager.py", line 13, in inicializar_se_necessario
    self.motor = PaddleOCR(
                 ^^^^^^^^^^
  File "C:\Users\AB-ADVOGADOS\AppData\Local\Programs\Python\Python311\Lib\site-packages\paddleocr\_pipelines\ocr.py", line 173, in __init__
    super().__init__(**base_params)
  File "C:\Users\AB-ADVOGADOS\AppData\Local\Programs\Python\Python311\Lib\site-packages\paddleocr\_pipelines\base.py", line 63, in __init__
    self._common_args = parse_common_args(
                        ^^^^^^^^^^^^^^^^^^
  File "C:\Users\AB-ADVOGADOS\AppData\Local\Programs\Python\Python311\Lib\site-packages\paddleocr\_common_args.py", line 54, in parse_common_args
    raise ValueError(f"Unknown argument: {name}")
ValueError: Unknown argument: unclip_ratio
31/07/2026 23:28:35 - ERROR - log_erro - Falha ao inicializar o motor PaddleOCR | Detalhe: Unknown argument: unclip_ratio
Traceback (most recent call last):
  File "C:\Users\AB-ADVOGADOS\Desktop\Converter .md\PADDLEOCR 2\PDF2MD_V2\ocr\manager.py", line 13, in inicializar_se_necessario
    self.motor = PaddleOCR(
                 ^^^^^^^^^^
  File "C:\Users\AB-ADVOGADOS\AppData\Local\Programs\Python\Python311\Lib\site-packages\paddleocr\_pipelines\ocr.py", line 173, in __init__
    super().__init__(**base_params)
  File "C:\Users\AB-ADVOGADOS\AppData\Local\Programs\Python\Python311\Lib\site-packages\paddleocr\_pipelines\base.py", line 63, in __init__
    self._common_args = parse_common_args(
                        ^^^^^^^^^^^^^^^^^^
  File "C:\Users\AB-ADVOGADOS\AppData\Local\Programs\Python\Python311\Lib\site-packages\paddleocr\_common_args.py", line 54, in parse_common_args
    raise ValueError(f"Unknown argument: {name}")
ValueError: Unknown argument: unclip_ratio
31/07/2026 23:28:36 - ERROR - log_erro - Falha ao inicializar o motor PaddleOCR | Detalhe: Unknown argument: unclip_ratio
Traceback (most recent call last):
  File "C:\Users\AB-ADVOGADOS\Desktop\Converter .md\PADDLEOCR 2\PDF2MD_V2\ocr\manager.py", line 13, in inicializar_se_necessario
    self.motor = PaddleOCR(
                 ^^^^^^^^^^
  File "C:\Users\AB-ADVOGADOS\AppData\Local\Programs\Python\Python311\Lib\site-packages\paddleocr\_pipelines\ocr.py", line 173, in __init__
    super().__init__(**base_params)
  File "C:\Users\AB-ADVOGADOS\AppData\Local\Programs\Python\Python311\Lib\site-packages\paddleocr\_pipelines\base.py", line 63, in __init__
    self._common_args = parse_common_args(
                        ^^^^^^^^^^^^^^^^^^
  File "C:\Users\AB-ADVOGADOS\AppData\Local\Programs\Python\Python311\Lib\site-packages\paddleocr\_common_args.py", line 54, in parse_common_args
    raise ValueError(f"Unknown argument: {name}")
ValueError: Unknown argument: unclip_ratio
31/07/2026 23:28:37 - ERROR - log_erro - Falha ao inicializar o motor PaddleOCR | Detalhe: Unknown argument: unclip_ratio
Traceback (most recent call last):
  File "C:\Users\AB-ADVOGADOS\Desktop\Converter .md\PADDLEOCR 2\PDF2MD_V2\ocr\manager.py", line 13, in inicializar_se_necessario
    self.motor = PaddleOCR(
                 ^^^^^^^^^^
  File "C:\Users\AB-ADVOGADOS\AppData\Local\Programs\Python\Python311\Lib\site-packages\paddleocr\_pipelines\ocr.py", line 173, in __init__
    super().__init__(**base_params)
  File "C:\Users\AB-ADVOGADOS\AppData\Local\Programs\Python\Python311\Lib\site-packages\paddleocr\_pipelines\base.py", line 63, in __init__
    self._common_args = parse_common_args(
                        ^^^^^^^^^^^^^^^^^^
  File "C:\Users\AB-ADVOGADOS\AppData\Local\Programs\Python\Python311\Lib\site-packages\paddleocr\_common_args.py", line 54, in parse_common_args
    raise ValueError(f"Unknown argument: {name}")
ValueError: Unknown argument: unclip_ratio
31/07/2026 23:28:37 - ERROR - log_erro - Falha ao inicializar o motor PaddleOCR | Detalhe: Unknown argument: unclip_ratio
Traceback (most recent call last):
  File "C:\Users\AB-ADVOGADOS\Desktop\Converter .md\PADDLEOCR 2\PDF2MD_V2\ocr\manager.py", line 13, in inicializar_se_necessario
    self.motor = PaddleOCR(
                 ^^^^^^^^^^
  File "C:\Users\AB-ADVOGADOS\AppData\Local\Programs\Python\Python311\Lib\site-packages\paddleocr\_pipelines\ocr.py", line 173, in __init__
    super().__init__(**base_params)
  File "C:\Users\AB-ADVOGADOS\AppData\Local\Programs\Python\Python311\Lib\site-packages\paddleocr\_pipelines\base.py", line 63, in __init__
    self._common_args = parse_common_args(
                        ^^^^^^^^^^^^^^^^^^
  File "C:\Users\AB-ADVOGADOS\AppData\Local\Programs\Python\Python311\Lib\site-packages\paddleocr\_common_args.py", line 54, in parse_common_args
    raise ValueError(f"Unknown argument: {name}")
ValueError: Unknown argument: unclip_ratio
31/07/2026 23:28:38 - ERROR - log_erro - Falha ao inicializar o motor PaddleOCR | Detalhe: Unknown argument: unclip_ratio
Traceback (most recent call last):
  File "C:\Users\AB-ADVOGADOS\Desktop\Converter .md\PADDLEOCR 2\PDF2MD_V2\ocr\manager.py", line 13, in inicializar_se_necessario
    self.motor = PaddleOCR(
                 ^^^^^^^^^^
  File "C:\Users\AB-ADVOGADOS\AppData\Local\Programs\Python\Python311\Lib\site-packages\paddleocr\_pipelines\ocr.py", line 173, in __init__
    super().__init__(**base_params)
  File "C:\Users\AB-ADVOGADOS\AppData\Local\Programs\Python\Python311\Lib\site-packages\paddleocr\_pipelines\base.py", line 63, in __init__
    self._common_args = parse_common_args(
                        ^^^^^^^^^^^^^^^^^^
  File "C:\Users\AB-ADVOGADOS\AppData\Local\Programs\Python\Python311\Lib\site-packages\paddleocr\_common_args.py", line 54, in parse_common_args
    raise ValueError(f"Unknown argument: {name}")
ValueError: Unknown argument: unclip_ratio
31/07/2026 23:29:14 - ERROR - log_erro - Falha ao inicializar o motor PaddleOCR | Detalhe: Unknown argument: unclip_ratio
Traceback (most recent call last):
  File "C:\Users\AB-ADVOGADOS\Desktop\Converter .md\PADDLEOCR 2\PDF2MD_V2\ocr\manager.py", line 13, in inicializar_se_necessario
    self.motor = PaddleOCR(
                 ^^^^^^^^^^
  File "C:\Users\AB-ADVOGADOS\AppData\Local\Programs\Python\Python311\Lib\site-packages\paddleocr\_pipelines\ocr.py", line 173, in __init__
    super().__init__(**base_params)
  File "C:\Users\AB-ADVOGADOS\AppData\Local\Programs\Python\Python311\Lib\site-packages\paddleocr\_pipelines\base.py", line 63, in __init__
    self._common_args = parse_common_args(
                        ^^^^^^^^^^^^^^^^^^
  File "C:\Users\AB-ADVOGADOS\AppData\Local\Programs\Python\Python311\Lib\site-packages\paddleocr\_common_args.py", line 54, in parse_common_args
    raise ValueError(f"Unknown argument: {name}")
ValueError: Unknown argument: unclip_ratio
31/07/2026 23:29:15 - ERROR - log_erro - Falha ao inicializar o motor PaddleOCR | Detalhe: Unknown argument: unclip_ratio
Traceback (most recent call last):
  File "C:\Users\AB-ADVOGADOS\Desktop\Converter .md\PADDLEOCR 2\PDF2MD_V2\ocr\manager.py", line 13, in inicializar_se_necessario
    self.motor = PaddleOCR(
                 ^^^^^^^^^^
  File "C:\Users\AB-ADVOGADOS\AppData\Local\Programs\Python\Python311\Lib\site-packages\paddleocr\_pipelines\ocr.py", line 173, in __init__
    super().__init__(**base_params)
  File "C:\Users\AB-ADVOGADOS\AppData\Local\Programs\Python\Python311\Lib\site-packages\paddleocr\_pipelines\base.py", line 63, in __init__
    self._common_args = parse_common_args(
                        ^^^^^^^^^^^^^^^^^^
  File "C:\Users\AB-ADVOGADOS\AppData\Local\Programs\Python\Python311\Lib\site-packages\paddleocr\_common_args.py", line 54, in parse_common_args
    raise ValueError(f"Unknown argument: {name}")
ValueError: Unknown argument: unclip_ratio
31/07/2026 23:29:15 - ERROR - log_erro - Falha ao inicializar o motor PaddleOCR | Detalhe: Unknown argument: unclip_ratio
Traceback (most recent call last):
  File "C:\Users\AB-ADVOGADOS\Desktop\Converter .md\PADDLEOCR 2\PDF2MD_V2\ocr\manager.py", line 13, in inicializar_se_necessario
    self.motor = PaddleOCR(
                 ^^^^^^^^^^
  File "C:\Users\AB-ADVOGADOS\AppData\Local\Programs\Python\Python311\Lib\site-packages\paddleocr\_pipelines\ocr.py", line 173, in __init__
    super().__init__(**base_params)
  File "C:\Users\AB-ADVOGADOS\AppData\Local\Programs\Python\Python311\Lib\site-packages\paddleocr\_pipelines\base.py", line 63, in __init__
    self._common_args = parse_common_args(
                        ^^^^^^^^^^^^^^^^^^
  File "C:\Users\AB-ADVOGADOS\AppData\Local\Programs\Python\Python311\Lib\site-packages\paddleocr\_common_args.py", line 54, in parse_common_args
    raise ValueError(f"Unknown argument: {name}")
ValueError: Unknown argument: unclip_ratio
31/07/2026 23:29:16 - ERROR - log_erro - Falha ao inicializar o motor PaddleOCR | Detalhe: Unknown argument: unclip_ratio
Traceback (most recent call last):
  File "C:\Users\AB-ADVOGADOS\Desktop\Converter .md\PADDLEOCR 2\PDF2MD_V2\ocr\manager.py", line 13, in inicializar_se_necessario
    self.motor = PaddleOCR(
                 ^^^^^^^^^^
  File "C:\Users\AB-ADVOGADOS\AppData\Local\Programs\Python\Python311\Lib\site-packages\paddleocr\_pipelines\ocr.py", line 173, in __init__
    super().__init__(**base_params)
  File "C:\Users\AB-ADVOGADOS\AppData\Local\Programs\Python\Python311\Lib\site-packages\paddleocr\_pipelines\base.py", line 63, in __init__
    self._common_args = parse_common_args(
                        ^^^^^^^^^^^^^^^^^^
  File "C:\Users\AB-ADVOGADOS\AppData\Local\Programs\Python\Python311\Lib\site-packages\paddleocr\_common_args.py", line 54, in parse_common_args
    raise ValueError(f"Unknown argument: {name}")
ValueError: Unknown argument: unclip_ratio
31/07/2026 23:29:17 - ERROR - log_erro - Falha ao inicializar o motor PaddleOCR | Detalhe: Unknown argument: unclip_ratio
Traceback (most recent call last):
  File "C:\Users\AB-ADVOGADOS\Desktop\Converter .md\PADDLEOCR 2\PDF2MD_V2\ocr\manager.py", line 13, in inicializar_se_necessario
    self.motor = PaddleOCR(
                 ^^^^^^^^^^
  File "C:\Users\AB-ADVOGADOS\AppData\Local\Programs\Python\Python311\Lib\site-packages\paddleocr\_pipelines\ocr.py", line 173, in __init__
    super().__init__(**base_params)
  File "C:\Users\AB-ADVOGADOS\AppData\Local\Programs\Python\Python311\Lib\site-packages\paddleocr\_pipelines\base.py", line 63, in __init__
    self._common_args = parse_common_args(
                        ^^^^^^^^^^^^^^^^^^
  File "C:\Users\AB-ADVOGADOS\AppData\Local\Programs\Python\Python311\Lib\site-packages\paddleocr\_common_args.py", line 54, in parse_common_args
    raise ValueError(f"Unknown argument: {name}")
ValueError: Unknown argument: unclip_ratio
31/07/2026 23:29:18 - ERROR - log_erro - Falha ao inicializar o motor PaddleOCR | Detalhe: Unknown argument: unclip_ratio
Traceback (most recent call last):
  File "C:\Users\AB-ADVOGADOS\Desktop\Converter .md\PADDLEOCR 2\PDF2MD_V2\ocr\manager.py", line 13, in inicializar_se_necessario
    self.motor = PaddleOCR(
                 ^^^^^^^^^^
  File "C:\Users\AB-ADVOGADOS\AppData\Local\Programs\Python\Python311\Lib\site-packages\paddleocr\_pipelines\ocr.py", line 173, in __init__
    super().__init__(**base_params)
  File "C:\Users\AB-ADVOGADOS\AppData\Local\Programs\Python\Python311\Lib\site-packages\paddleocr\_pipelines\base.py", line 63, in __init__
    self._common_args = parse_common_args(
                        ^^^^^^^^^^^^^^^^^^
  File "C:\Users\AB-ADVOGADOS\AppData\Local\Programs\Python\Python311\Lib\site-packages\paddleocr\_common_args.py", line 54, in parse_common_args
    raise ValueError(f"Unknown argument: {name}")
ValueError: Unknown argument: unclip_ratio
31/07/2026 23:29:18 - ERROR - log_erro - Falha ao inicializar o motor PaddleOCR | Detalhe: Unknown argument: unclip_ratio
Traceback (most recent call last):
  File "C:\Users\AB-ADVOGADOS\Desktop\Converter .md\PADDLEOCR 2\PDF2MD_V2\ocr\manager.py", line 13, in inicializar_se_necessario
    self.motor = PaddleOCR(
                 ^^^^^^^^^^
  File "C:\Users\AB-ADVOGADOS\AppData\Local\Programs\Python\Python311\Lib\site-packages\paddleocr\_pipelines\ocr.py", line 173, in __init__
    super().__init__(**base_params)
  File "C:\Users\AB-ADVOGADOS\AppData\Local\Programs\Python\Python311\Lib\site-packages\paddleocr\_pipelines\base.py", line 63, in __init__
    self._common_args = parse_common_args(
                        ^^^^^^^^^^^^^^^^^^
  File "C:\Users\AB-ADVOGADOS\AppData\Local\Programs\Python\Python311\Lib\site-packages\paddleocr\_common_args.py", line 54, in parse_common_args
    raise ValueError(f"Unknown argument: {name}")
ValueError: Unknown argument: unclip_ratio
31/07/2026 23:29:19 - ERROR - log_erro - Falha ao inicializar o motor PaddleOCR | Detalhe: Unknown argument: unclip_ratio
Traceback (most recent call last):
  File "C:\Users\AB-ADVOGADOS\Desktop\Converter .md\PADDLEOCR 2\PDF2MD_V2\ocr\manager.py", line 13, in inicializar_se_necessario
    self.motor = PaddleOCR(
                 ^^^^^^^^^^
  File "C:\Users\AB-ADVOGADOS\AppData\Local\Programs\Python\Python311\Lib\site-packages\paddleocr\_pipelines\ocr.py", line 173, in __init__
    super().__init__(**base_params)
  File "C:\Users\AB-ADVOGADOS\AppData\Local\Programs\Python\Python311\Lib\site-packages\paddleocr\_pipelines\base.py", line 63, in __init__
    self._common_args = parse_common_args(
                        ^^^^^^^^^^^^^^^^^^
  File "C:\Users\AB-ADVOGADOS\AppData\Local\Programs\Python\Python311\Lib\site-packages\paddleocr\_common_args.py", line 54, in parse_common_args
    raise ValueError(f"Unknown argument: {name}")
ValueError: Unknown argument: unclip_ratio
31/07/2026 23:29:20 - ERROR - log_erro - Falha ao inicializar o motor PaddleOCR | Detalhe: Unknown argument: unclip_ratio
Traceback (most recent call last):
  File "C:\Users\AB-ADVOGADOS\Desktop\Converter .md\PADDLEOCR 2\PDF2MD_V2\ocr\manager.py", line 13, in inicializar_se_necessario
    self.motor = PaddleOCR(
                 ^^^^^^^^^^
  File "C:\Users\AB-ADVOGADOS\AppData\Local\Programs\Python\Python311\Lib\site-packages\paddleocr\_pipelines\ocr.py", line 173, in __init__
    super().__init__(**base_params)
  File "C:\Users\AB-ADVOGADOS\AppData\Local\Programs\Python\Python311\Lib\site-packages\paddleocr\_pipelines\base.py", line 63, in __init__
    self._common_args = parse_common_args(
                        ^^^^^^^^^^^^^^^^^^
  File "C:\Users\AB-ADVOGADOS\AppData\Local\Programs\Python\Python311\Lib\site-packages\paddleocr\_common_args.py", line 54, in parse_common_args
    raise ValueError(f"Unknown argument: {name}")
ValueError: Unknown argument: unclip_ratio
31/07/2026 23:29:21 - ERROR - log_erro - Falha ao inicializar o motor PaddleOCR | Detalhe: Unknown argument: unclip_ratio
Traceback (most recent call last):
  File "C:\Users\AB-ADVOGADOS\Desktop\Converter .md\PADDLEOCR 2\PDF2MD_V2\ocr\manager.py", line 13, in inicializar_se_necessario
    self.motor = PaddleOCR(
                 ^^^^^^^^^^
  File "C:\Users\AB-ADVOGADOS\AppData\Local\Programs\Python\Python311\Lib\site-packages\paddleocr\_pipelines\ocr.py", line 173, in __init__
    super().__init__(**base_params)
  File "C:\Users\AB-ADVOGADOS\AppData\Local\Programs\Python\Python311\Lib\site-packages\paddleocr\_pipelines\base.py", line 63, in __init__
    self._common_args = parse_common_args(
                        ^^^^^^^^^^^^^^^^^^
  File "C:\Users\AB-ADVOGADOS\AppData\Local\Programs\Python\Python311\Lib\site-packages\paddleocr\_common_args.py", line 54, in parse_common_args
    raise ValueError(f"Unknown argument: {name}")
ValueError: Unknown argument: unclip_ratio
31/07/2026 23:32:29 - ERROR - log_erro - Falha ao inicializar o motor PaddleOCR | Detalhe: Unknown argument: show_log
Traceback (most recent call last):
  File "c:\Users\AB-ADVOGADOS\Desktop\Converter .md\PADDLEOCR 2\PDF2MD_V2\ocr\manager.py", line 13, in inicializar_se_necessario
    self.motor = PaddleOCR(
                 ^^^^^^^^^^
  File "C:\Users\AB-ADVOGADOS\AppData\Local\Programs\Python\Python311\Lib\site-packages\paddleocr\_pipelines\ocr.py", line 173, in __init__
    super().__init__(**base_params)
  File "C:\Users\AB-ADVOGADOS\AppData\Local\Programs\Python\Python311\Lib\site-packages\paddleocr\_pipelines\base.py", line 63, in __init__
    self._common_args = parse_common_args(
                        ^^^^^^^^^^^^^^^^^^
  File "C:\Users\AB-ADVOGADOS\AppData\Local\Programs\Python\Python311\Lib\site-packages\paddleocr\_common_args.py", line 54, in parse_common_args
    raise ValueError(f"Unknown argument: {name}")
ValueError: Unknown argument: show_log
